,City,Latitude,Temperature,Max Temperature,Cloudiness,Humidity,Wind Speed,Date/Time
0,Khatanga,71.9667,230.32,230.32,0,73,0.93,1611950058
1,Tezu,27.9167,288.76,288.76,41,33,1.54,1611950060
2,Rikitea,-23.1203,299.64,299.64,100,67,2.49,1611950062
3,Bethel,41.3712,265.27,265.93,20,49,6.17,1611950065
4,Busselton,-33.65,289.41,289.82,0,80,1.79,1611950067
5,Hermanus,-34.4187,290.93,290.93,97,84,2.04,1611950069
6,Isangel,-19.55,297.15,297.15,20,88,5.96,1611950072
7,Saint Paul Harbor,57.79,274.15,274.15,40,69,7.72,1611950074
8,Yangi Marg`ilon,40.4272,274.15,274.15,36,47,3.09,1611950076
9,Sal Rei,16.1833,298.15,298.15,0,57,6.69,1611950078
10,Haines Junction,60.7522,249.15,249.15,100,77,0.74,1611950080
11,Tuktoyaktuk,69.4541,236.15,236.15,20,67,1.54,1611950082
12,Bluff,-46.6,282.04,282.04,90,80,3.58,1611950084
13,Hilo,19.7297,292.66,294.15,90,83,1.54,1611949820
14,Cape Town,-33.9258,293.26,294.26,0,77,5.66,1611949857
15,Thompson,55.7435,258.15,258.15,90,72,2.06,1611949871
16,Souillac,-20.5167,300.15,300.15,75,78,4.12,1611950093
17,Lebu,-37.6167,288.1,288.1,97,94,1.23,1611950095
18,Ponta do Sol,32.6667,286.37,287.59,53,76,0.89,1611950097
19,Majene,-3.5403,299.0,299.0,100,75,2.15,1611950099
20,Mataura,-46.1927,282.04,282.04,14,80,3.58,1611950102
21,Barrow,71.2906,248.15,248.15,90,77,4.12,1611950104
22,Kamaishi,39.2667,270.38,270.38,44,87,12.4,1611950106
23,Avera,33.194,282.45,283.15,1,34,0.73,1611950108
24,Shanhecun,44.7,253.72,253.72,100,92,1.36,1611950110
25,Jinchang,38.4953,267.74,267.74,36,63,1.49,1611950112
26,Vardø,70.3705,268.15,268.15,75,93,8.23,1611950115
27,Faanui,-16.4833,300.35,300.35,30,70,3.86,1611950117
28,New Norfolk,-42.7826,287.89,288.71,62,84,1.19,1611950119
29,Laas,46.6166,272.96,273.71,0,74,1.03,1611950121
30,Kavieng,-2.5744,301.35,301.35,94,82,6.88,1611950123
31,Saldanha,-33.0117,291.48,291.48,0,89,5.49,1611950125
32,Kahului,20.8947,293.42,295.93,40,88,6.17,1611950045
33,Fuquay-Varina,35.5843,277.33,278.15,0,32,4.21,1611949987
34,Ushuaia,-54.8,279.15,279.15,75,70,10.29,1611950041
35,Tupik,54.4253,235.97,235.97,87,81,0.64,1611950134
36,Lar,26.2039,281.12,281.12,0,66,3.25,1611950136
37,Chokurdakh,70.6333,242.1,242.1,100,87,3.32,1611950138
38,Butaritari,3.0707,300.25,300.25,98,76,7.71,1611950140
39,Kapaa,22.0752,296.34,296.48,75,78,9.26,1611950143
40,Atuona,-9.8,299.06,299.06,3,76,8.46,1611950145
41,Shar,49.5886,259.6,259.6,69,91,4.03,1611950147
42,Micheweni,-4.9667,300.25,300.25,0,80,6.79,1611950150
43,Devils Lake,48.1128,266.04,266.15,90,93,7.72,1611950152
44,Carauari,-4.8828,303.07,303.07,98,69,0.83,1611950154
45,Karasjok,69.4719,262.15,262.15,75,67,6.69,1611950156
46,Bredasdorp,-34.5322,290.93,290.93,92,84,2.28,1611950158
47,Meulaboh,4.1363,296.27,296.27,100,90,3.07,1611950160
48,Zhangjiakou,40.81,267.59,267.59,0,81,3.38,1611950162
49,Inta,66.0317,247.61,247.61,99,84,7.4,1611950164
50,Vaini,-21.2,298.15,298.15,75,94,5.66,1611950167
51,Jamestown,42.097,266.73,267.04,90,79,6.17,1611949920
52,Palmer,42.1584,263.82,264.82,20,41,9.77,1611950171
53,Mahébourg,-20.4081,300.15,300.15,75,78,4.12,1611950173
54,Albany,42.6001,264.31,264.82,76,43,3.58,1611950095
55,Tiznit Province,29.5833,291.28,291.28,0,46,1.04,1611950177
56,Puerto Ayora,-0.7393,301.39,302.15,20,70,6.17,1611950180
57,Chui,-33.6971,298.96,298.96,3,66,4.07,1611950183
58,Lavrentiya,65.5833,246.66,246.66,0,82,6.29,1611950185
59,East London,-33.0153,295.93,295.93,54,63,1.36,1611950187
60,Aklavik,68.2191,238.15,238.15,40,68,1.54,1611950189
61,Marawi,7.9986,295.93,295.93,100,93,2.68,1611950191
62,Saint Anthony,45.0205,268.25,268.71,90,74,4.63,1611950193
63,Praia da Vitória,38.7333,288.15,288.15,20,72,3.54,1611950195
64,Port Alfred,-33.5906,291.48,291.48,0,88,0.89,1611950198
65,Tura,25.5198,286.83,286.83,0,54,0.92,1611950200
66,Ketchikan,55.3422,272.15,272.15,90,93,2.06,1611950202
67,Ambilobe,-13.2,296.9,296.9,100,92,0.84,1611950204
68,Nara,34.6851,271.8,273.71,23,55,0.89,1611950206
69,Åkersberga,59.4794,269.03,269.26,75,93,5.14,1611950208
70,São José da Coroa Grande,-8.8978,299.83,299.83,100,79,4.77,1611950211
71,Qaanaaq,77.484,246.96,246.96,0,60,1.9,1611950213
72,Tromsø,69.6496,262.15,262.15,0,67,1.54,1611950215
73,Silago,10.5291,298.5,298.5,100,83,6.09,1611950217
74,Vila,42.0304,284.26,284.26,100,95,5.03,1611950219
75,Leningradskiy,69.3833,242.06,242.06,95,84,3.96,1611950221
76,Waipawa,-41.4122,287.37,288.15,75,63,10.29,1611949975
77,Vostok,46.4856,245.78,245.78,100,89,1.28,1611950225
78,Beloha,-25.1667,299.21,299.21,58,78,5.23,1611950228
79,Saskylakh,71.9167,233.8,233.8,73,79,0.81,1611950230
80,Sisimiut,66.9395,260.9,260.9,0,73,4.15,1611950232
81,Bairiki Village,1.3292,299.68,299.68,100,76,8.16,1611950234
82,Tacuarembó,-31.7333,302.09,302.09,15,51,2.54,1611950236
83,Grindavik,63.8424,275.15,275.15,90,75,4.63,1611950238
84,Clyde River,70.4692,246.15,246.15,1,76,6.69,1611950241
85,Båtsfjord,70.6345,266.3,268.15,75,86,3.09,1611950243
86,Namatanai,-3.6667,300.56,300.56,83,82,4.88,1611950245
87,Constitución,-35.3333,290.84,290.84,100,83,3.63,1611950201
88,Karaton,-6.3424,297.91,298.71,75,88,3.6,1611950249
89,Nikolskoye,59.7035,273.34,273.71,75,100,4.0,1611950251
90,La Ronge,55.1001,260.15,260.15,100,78,2.57,1611950254
91,Buarcos,40.166,286.36,286.48,75,94,4.63,1611950256
92,Mar del Plata,-38.0023,299.62,301.15,75,32,5.66,1611950258
93,Saint-Philippe,-21.3585,297.45,299.15,0,69,2.57,1611950260
94,Noumea,-22.2763,298.48,299.26,20,78,4.96,1611950262
95,Apollonia,36.9716,287.95,288.15,98,88,5.66,1611950265
96,Campbell River,50.0163,276.04,277.04,90,100,2.57,1611950234
97,Sept-Îles,50.2001,263.23,263.71,14,52,3.09,1611950269
98,Port Elizabeth,-33.918,291.15,291.15,40,88,2.57,1611950141
99,Vanavara,60.34,233.89,233.89,45,79,3.5,1611950273
100,Castro,-24.7911,294.98,294.98,98,89,3.11,1611950275
101,Kindu,-2.95,295.58,295.58,98,88,1.12,1611950277
102,São João da Barra,-21.6403,303.15,303.15,0,58,10.29,1611950279
103,Avarua,-21.2078,302.15,302.15,85,74,3.09,1611950282
104,Tyrma,50.0833,241.39,241.39,0,83,0.43,1611950284
105,Punta Arenas,-53.15,282.09,282.15,75,66,11.32,1611950286
106,Bosaso,11.2842,296.1,296.1,5,77,1.25,1611950288
107,Iqaluit,63.7506,248.15,248.15,1,70,14.92,1611950290
108,Ribeira Grande,38.5167,289.15,289.15,20,77,5.66,1611950292
109,Pisco,-13.7,297.43,298.15,0,65,3.09,1611950267
110,Garmsār,35.2182,283.37,283.37,84,62,2.02,1611950297
111,Zyryanka,65.75,242.92,242.92,100,86,3.77,1611950299
112,Fukuechō,32.6881,279.34,279.34,0,62,5.15,1611950301
113,Ørnes,66.8689,263.82,266.15,0,53,9.77,1611950303
114,Valle d'Aosta,45.7667,276.66,279.26,100,68,4.02,1611950305
115,George Town,5.4112,297.58,298.15,20,78,1.54,1611950308
116,Zhicheng,30.2956,279.94,280.93,100,74,1.03,1611950310
117,Cidreira,-30.1811,300.15,300.15,37,86,4.21,1611950312
118,Necochea,-38.5473,297.59,297.59,58,47,4.44,1611950314
119,Russell,32.3502,286.09,287.59,1,28,1.21,1611950316
120,Pevek,69.7008,239.36,239.36,5,85,1.26,1611950318
121,Shingū,33.7333,274.85,274.85,0,80,3.66,1611950321
122,Sucúa,-2.4667,297.15,297.15,40,73,3.6,1611950323
123,Giresun Province,40.5,279.15,279.15,75,81,1.64,1611950325
124,Nanortalik,60.1432,273.7,273.7,100,89,4.26,1611950327
125,Yumen,40.2833,267.47,267.47,0,75,6.96,1611950329
126,Prabumulih,-3.45,296.08,296.08,100,97,1.3,1611950331
127,Katsuura,35.1333,275.03,275.37,0,48,8.75,1611950334
128,Hithadhoo,-0.6,300.48,300.48,51,77,3.88,1611950336
129,Sittwe,20.15,289.89,289.89,0,73,3.07,1611950163
130,Eyl,7.9803,295.87,295.87,0,77,5.31,1611950340
131,Havelock,34.8791,277.02,277.59,1,41,5.66,1611950342
132,Lata,40.1629,286.36,287.04,100,92,0.89,1611950344
133,Egvekinot,66.3167,243.55,243.55,2,84,5.9,1611950346
134,Lais,6.3328,298.53,298.53,80,81,4.01,1611950349
135,Touros,-5.1989,303.15,303.15,20,58,5.66,1611950351
136,Morant Bay,17.8815,301.66,304.15,20,51,1.54,1611950205
137,Ulaangom,49.9811,250.57,250.57,38,88,0.78,1611950355
138,Zambezi,-13.5432,293.44,293.44,66,83,2.24,1611950357
139,Aktau,43.65,272.15,272.15,0,86,2.0,1611950360
140,Sakakah,29.9697,284.15,284.15,78,50,8.75,1611950362
141,Ballina,-28.8667,292.56,294.15,75,94,1.54,1611950364
142,Rome,43.2128,263.39,264.15,1,53,6.17,1611950164
143,Talnakh,69.4865,237.69,237.69,0,67,0.54,1611950368
144,Chazuta,-6.5742,306.15,306.15,40,49,6.69,1611950370
145,Beyneu,45.3167,276.88,276.88,100,89,4.39,1611950372
146,Cheyenne,41.14,287.63,288.15,1,15,8.75,1611949838
147,Te Anau,-45.4167,279.99,279.99,45,83,0.43,1611950377
148,Odlābāri,26.8333,287.35,287.35,0,56,1.9,1611950379
149,Broome,42.2506,263.31,264.26,90,62,6.17,1611950381
150,Hobart,-42.8794,288.25,289.26,20,94,3.6,1611950383
151,Manga,11.6636,300.18,300.18,0,15,4.13,1611950385
152,Cururupu,-1.8283,301.83,301.83,86,67,3.71,1611950387
153,Fernán-Núñez,37.6884,286.15,286.15,90,94,2.06,1611950390
154,Muisne,0.6,302.15,302.15,75,84,1.54,1611950392
155,Honningsvåg,70.9821,267.15,267.15,75,79,7.2,1611950394
156,Airai,-8.9266,289.77,289.77,100,100,1.82,1611950396
157,Hervey Bay,-25.2986,295.93,295.93,9,87,0.45,1611950398
158,Iskateley,67.6803,247.54,247.54,100,85,6.23,1611950400
159,Half Moon Bay,37.4636,283.54,284.82,1,76,3.09,1611950248
160,Huilong,31.8111,276.99,278.15,0,74,4.62,1611950406
161,North Myrtle Beach,33.816,280.53,281.48,1,36,4.63,1611950409
162,Kruisfontein,-34.0033,290.93,290.93,1,78,0.45,1611950411
163,Ulladulla,-35.35,292.62,293.71,90,100,3.64,1611950326
164,Durham,36.0335,276.18,277.04,75,41,4.63,1611950416
165,Saint George,37.1041,279.13,279.26,90,81,2.06,1611950418
166,Kaitangata,-46.2817,284.82,284.82,66,77,2.68,1611950420
167,Lorengau,-2.0226,301.06,301.06,96,78,4.25,1611950423
168,Acapulco de Juárez,16.8634,303.15,303.15,75,58,5.14,1611950275
169,Tuatapere,-46.1333,282.04,282.04,4,80,3.58,1611950427
170,Cabo San Lucas,22.8909,298.68,300.37,20,64,6.17,1611950154
171,Behshahr,36.6923,286.29,286.29,100,46,1.39,1611950431
172,Itarema,-2.9248,301.36,301.36,100,70,7.13,1611950433
173,Sangar,63.9242,226.54,226.54,100,75,0.18,1611950436
174,Naze,28.3667,282.63,282.63,48,75,6.28,1611950438
175,Torbay,47.6666,270.11,270.93,90,86,8.23,1611950440
176,Provideniya,64.3833,250.31,250.31,91,82,4.11,1611950443
177,Zeya,53.75,240.65,240.65,63,82,0.84,1611950445
178,Opuwo,-18.0607,296.6,296.6,96,53,3.67,1611950447
179,Mnogovershinnyy,53.9353,249.39,249.39,100,92,1.87,1611950449
180,Peniche,39.3558,286.28,287.04,100,92,4.92,1611950416
181,San Quintín,30.4833,288.03,288.03,85,73,5.94,1611950454
182,Aripuanã,-9.1667,301.17,301.17,98,84,0.75,1611950456
183,Buin,-33.7333,295.87,298.15,90,46,0.51,1611950458
184,Esim,4.8699,299.38,299.38,81,84,2.82,1611950461
185,Zhangaözen,43.3,274.93,274.93,99,88,2.69,1611950463
186,Lázaro Cárdenas,17.9583,301.64,301.64,100,57,3.91,1611950465
187,Rørvik,64.8621,270.15,270.15,75,93,6.69,1611950467
188,Bengkulu,-3.8004,297.36,297.36,100,88,2.7,1611950470
189,Hualmay,-11.0964,297.54,297.54,4,64,4.88,1611950472
190,Kavaratti,10.5669,300.0,300.0,8,72,3.65,1611950474
191,Vila Velha,-20.3297,302.28,303.15,20,62,11.32,1611950476
192,Houston,29.7633,290.92,292.04,1,59,6.69,1611950030
193,Bergen,60.392,271.38,272.59,75,74,4.63,1611950480
194,Vilyuysk,63.7553,227.96,227.96,94,76,1.36,1611950482
195,Diamantino,-14.4086,302.9,302.9,88,62,1.99,1611950485
196,Mount Gambier,-37.8333,287.15,287.15,90,100,4.12,1611950487
197,Richards Bay,-28.783,295.82,295.82,90,86,0.56,1611950489
198,Hermiston,45.8404,278.18,279.15,90,81,1.32,1611950361
199,Cobija,-11.0267,303.15,303.15,75,74,4.12,1611950493
200,Karachev,53.1229,268.24,268.24,97,97,4.3,1611950495
201,Narsaq,60.9167,280.15,280.15,75,29,11.83,1611950498
202,Kurchum,48.5722,253.16,253.16,60,92,0.84,1611950500
203,Nizhnyaya Omka,55.4338,262.25,262.25,100,96,2.52,1611950502
204,Banda Aceh,5.5577,298.56,298.56,67,82,5.73,1611950505
205,Mineiros,-17.5694,298.62,298.62,94,75,1.78,1611950264
206,Gaza,31.5,283.57,284.82,41,100,7.23,1611950487
207,Heihe,50.2441,237.15,237.15,20,75,1.0,1611950512
208,Tessalit,20.1986,292.56,292.56,0,21,4.85,1611950514
209,Nabire,-3.3667,296.72,296.72,100,93,1.99,1611950516
210,Norman Wells,65.282,237.15,237.15,20,75,1.03,1611950518
211,Haining,30.5363,276.98,278.71,0,75,1.0,1611950520
212,Longyearbyen,78.2186,249.86,249.86,0,84,4.09,1611950523
213,San Cristobal,7.7669,302.15,302.15,40,58,6.17,1611950525
214,Saint-Augustin,51.226,266.1,266.1,0,90,5.46,1611950527
215,Disna,55.568,269.93,269.93,98,98,5.34,1611950529
216,Ilo,-17.6394,296.1,296.1,0,65,3.56,1611950531
217,Kalevala,65.2,262.33,262.33,100,95,5.27,1611950533
218,Carnarvon,-24.8667,299.15,299.15,3,89,4.12,1611950536
219,Sinnamary,5.3833,298.88,298.88,100,88,5.51,1611950538
220,Alofi,-19.0595,297.15,297.15,100,100,3.09,1611950540
221,Pandan,14.0453,296.76,296.76,100,83,10.2,1611950542
222,Rundu,-17.9333,294.02,294.02,100,88,0.14,1611950544
223,Okha,53.5739,253.62,253.62,98,91,4.65,1611950546
224,Winnemucca,40.973,276.15,276.15,90,75,1.54,1611950548
225,Santa Fe,-31.6333,306.51,306.51,11,30,0.97,1611950401
226,Qasigiannguit,68.8193,256.15,256.15,20,55,3.6,1611950553
227,Phuthaditjhaba,-28.5242,290.06,290.06,100,82,2.51,1611950555
228,San Miguel,13.4833,308.18,308.18,9,19,5.07,1611950557
229,Abu Samrah,35.3029,279.23,279.23,18,71,4.34,1611950559
230,Esperance,-33.8667,287.15,287.15,0,88,3.09,1611950553
231,Werda,-25.2667,297.39,297.39,40,64,5.31,1611950564
232,Pāsighāt,28.0667,287.79,287.79,16,45,1.3,1611950566
233,Sioux Lookout,50.1001,262.15,262.15,20,67,2.06,1611950568
234,Geraldton,-28.7667,301.15,301.15,0,18,9.26,1611950570
235,Labuan,5.2767,298.92,299.15,20,89,1.03,1611950572
236,Tsabong,-26.0217,301.16,301.16,100,20,2.63,1611950575
237,‘Ewa Beach,21.3156,295.96,297.15,90,69,3.6,1611950577
238,Cherskiy,68.75,237.63,237.63,64,83,1.94,1611950503
239,Nha Trang,12.25,296.15,296.15,20,64,5.14,1611950569
240,Nganjuk,-7.6051,296.73,296.73,100,89,1.43,1611950583
241,Marzuq,14.4,288.31,288.31,0,55,1.8,1611950585
242,Hammerfest,70.6634,264.15,264.15,75,73,4.63,1611950587
243,Guadalupe Victoria,32.2869,290.05,291.48,75,55,2.27,1611950590
244,Yeovil,50.9416,280.2,280.37,75,87,1.03,1611950592
245,Kuah,6.3265,299.99,300.15,20,69,2.06,1611950594
246,Bandarbeyla,9.4942,296.34,296.34,20,75,5.37,1611950596
247,São Miguel do Tapuio,-5.5036,301.89,301.89,98,62,3.98,1611950598
248,Santa Maria,-29.6842,299.15,299.15,75,89,6.69,1611950600
249,Ancud,-41.8697,289.57,291.15,0,52,4.12,1611950577
250,Lloydminster,53.2835,257.15,257.15,90,85,2.06,1611950511
251,Mayumba,-3.432,299.35,299.35,100,86,2.78,1611950607
252,Upernavik,72.7868,251.09,251.09,98,81,5.56,1611950574
253,Lubango,-14.9172,289.28,289.28,58,70,1.29,1611950611
254,Tiksi,71.6872,237.72,237.72,100,85,2.04,1611950613
255,Tsuruga,35.6455,274.26,274.26,96,75,1.79,1611950480
256,Łapy,52.9911,267.59,267.59,98,90,1.98,1611950618
257,Sukhobezvodnoye,57.0491,268.77,268.77,100,98,3.95,1611950620
258,Kedrovyy,56.1667,262.15,262.15,90,92,1.0,1611950622
259,Walvis Bay,-22.9575,291.85,292.59,78,77,3.6,1611950624
260,Mirny,62.5353,229.78,229.78,90,78,1.5,1611950626
261,Ormara,25.2088,292.62,292.62,0,45,2.52,1611950628
262,Mastic Beach,40.7668,267.15,267.59,1,38,11.32,1611950631
263,Bathurst,-33.4166,290.93,290.93,64,96,0.83,1611950482
264,Nouadhibou,20.931,296.15,296.15,0,53,5.66,1611950561
265,Mergen,49.1833,241.81,241.81,97,84,2.64,1611950637
266,Xichang,27.8964,276.9,276.9,3,75,1.31,1611950639
267,Harper,4.375,298.88,298.88,98,84,2.28,1611950642
268,São Filipe,14.8961,297.07,297.07,78,59,4.66,1611950550
269,Brigantine,39.4101,271.37,272.04,20,34,11.83,1611950646
270,Lompoc,34.6391,282.99,284.15,75,82,1.54,1611950573
271,Bambous Virieux,-20.3428,300.25,300.37,75,78,4.12,1611950650
272,Pedreiras,-4.5688,299.81,299.81,100,90,1.07,1611950652
273,Vardenik,40.1393,270.1,270.1,100,88,1.66,1611950655
274,Solnechnyy,50.7214,251.47,251.47,100,88,2.66,1611950657
275,Calvinia,-31.4707,289.71,289.71,0,49,1.73,1611950641
276,Asău,46.4333,275.67,276.15,0,75,4.12,1611950569
277,Kenai,60.5544,259.54,261.15,90,85,3.63,1611950535
278,Parker,32.7668,288.69,289.26,72,61,2.24,1611950665
279,Hong Kong,22.2855,287.25,288.71,0,69,0.45,1611950407
280,Kuril'sk,45.2333,270.39,270.39,100,97,10.08,1611950670
281,Dikson,73.5069,238.32,238.32,100,85,2.59,1611950596
282,Tasiilaq,65.6145,265.15,265.15,75,86,9.77,1611950674
283,Madanpur,23.0167,290.15,290.15,20,82,3.55,1611950676
284,Lucea,18.451,300.57,300.93,75,69,8.75,1611950678
285,Sobolevo,54.4299,268.1,268.1,100,98,5.46,1611950680
286,Imbituba,-28.24,302.15,302.15,75,79,3.6,1611950433
287,Río Gallegos,-51.6226,284.15,284.15,75,40,10.8,1611950493
288,Fort Nelson,58.8053,247.15,247.15,40,76,0.82,1611950687
289,Sitka,57.0531,275.15,275.15,90,55,6.69,1611950437
290,Chute-aux-Outardes,49.1168,263.15,263.15,90,52,5.66,1611950691
291,Gönen,40.1049,277.03,278.15,0,87,3.09,1611950693
292,West Wendover,40.7391,282.15,282.15,90,46,5.66,1611950695
293,Carrollton,32.9537,287.5,288.71,75,47,5.66,1611950697
294,Hualahuises,24.8847,297.63,297.63,2,37,5.05,1611950700
295,Talcahuano,-36.7167,288.15,288.15,90,100,4.63,1611950702
296,Camacha,33.0833,290.15,290.15,75,82,5.66,1611950704
297,Balkanabat,39.5108,283.54,283.54,41,46,0.36,1611950587
298,Coquimbo,-29.9533,292.15,292.15,0,72,4.63,1611950593
299,Guerrero Negro,27.9769,292.03,292.03,0,53,5.18,1611950710
300,Codrington,-38.2667,288.5,288.5,100,79,5.26,1611950713
301,Farah,32.5,280.15,280.15,41,42,1.06,1611950715
302,Mitsamiouli,-11.3847,301.42,301.42,91,71,3.71,1611950717
303,Vestmannaeyjar,63.4427,275.53,275.53,97,81,4.08,1611950719
304,Duluth,46.7833,267.47,268.15,90,63,6.17,1611950438
305,Portland,45.5234,279.07,280.37,90,81,1.54,1611950528
306,Umeå,63.8284,254.15,254.15,66,92,2.57,1611950629
307,Emilio Carranza,19.9711,294.33,294.33,94,75,3.69,1611950728
308,Dobšiná,48.8207,271.32,271.48,90,93,1.03,1611950730
309,Qom,34.6401,282.53,282.53,100,66,2.83,1611950732
310,Horadiz,39.4488,279.15,279.15,0,81,5.14,1611950734
311,Belaya Gora,68.5333,240.08,240.08,100,85,1.55,1611950736
312,Khovd,48.0056,261.78,261.78,100,80,0.31,1611950738
313,Kazanlak,42.6167,274.24,275.37,100,92,0.92,1611950741
314,Hailar,49.2,240.87,240.87,99,86,1.91,1611950743
315,Dakar,14.6937,294.15,294.15,0,68,4.12,1611950673
316,Boende,-0.2167,297.38,297.38,94,84,2.55,1611950747
317,Kamenka,51.3223,272.59,272.59,82,92,0.45,1611950749
318,Cabra,37.4725,286.44,287.15,90,94,2.06,1611950751
319,Springdale,36.1867,283.9,284.26,1,46,5.66,1611950754
320,Makurdi,7.7411,301.5,301.5,0,14,1.03,1611950756
321,Porto Belo,-27.1578,299.96,301.48,90,89,3.09,1611950758
322,Bilibino,68.0546,241.53,241.53,25,79,2.42,1611950760
323,Hambantota,6.1241,297.64,297.64,100,77,2.83,1611950763
324,Prokop'yevsk,53.9059,267.08,267.08,100,96,6.21,1611950765
325,Babu,24.4167,283.9,283.9,0,53,0.63,1611950767
326,Quthing,-30.4,290.89,290.89,100,51,0.75,1611950769
327,St. George's,12.0564,303.15,303.15,20,66,9.26,1611950771
328,Ahipara,-35.1667,290.83,290.83,2,66,3.14,1611950656
329,Umm Hājar,13.2954,298.16,298.16,76,18,6.46,1611950776
330,Gurupá,-1.405,300.75,300.75,99,85,1.59,1611950778
331,Descalvado,-21.9039,306.15,306.15,40,40,2.57,1611950762
332,Plettenberg Bay,-34.0527,291.02,291.02,0,76,1.33,1611950782
333,Narasannapeta,18.4167,295.37,295.37,51,75,0.59,1611950784
334,Keflavik,64.0049,274.16,275.15,90,75,4.63,1611950495
335,Batemans Bay,-35.7167,291.83,293.71,100,97,2.68,1611950789
336,Yenagoa,4.9247,300.25,300.25,3,79,2.54,1611950791
337,Margate,51.3813,282.04,282.04,97,78,1.79,1611950793
338,Lagoa,39.05,288.25,288.25,0,75,6.43,1611950576
339,Kotelnikowo,47.6317,274.28,274.28,97,91,5.41,1611950797
340,Koslan,63.4564,265.27,265.27,100,96,4.99,1611950532
341,Marlton,39.8912,270.58,271.48,20,34,9.26,1611950730
342,Arraial do Cabo,-22.9661,302.81,305.15,0,65,8.75,1611950716
343,Eureka,40.8021,283.62,284.82,1,81,3.09,1611950586
344,Jiujiang,29.7333,281.21,281.21,89,55,0.39,1611950808
345,Pizhma,57.8642,268.04,268.04,100,98,3.11,1611950810
346,Hay River,60.8156,252.15,252.15,1,71,3.09,1611950812
347,Gimli,50.6336,261.15,261.15,100,72,4.63,1611950814
348,Wad Medani,14.4012,295.59,295.59,0,19,7.0,1611950817
349,Sibolga,1.7427,296.75,296.75,100,91,1.21,1611950819
350,Tateyama,34.9833,275.09,275.37,0,48,8.75,1611950522
351,Troianul,44.0,274.82,274.82,100,82,2.08,1611950823
352,Bambanglipuro,-7.95,297.46,297.46,99,92,3.08,1611950825
353,Hasaki,35.7333,273.54,274.15,20,47,5.66,1611950827
354,Mormugao,15.4,298.15,298.15,20,78,2.06,1611950830
355,Nelson Bay,-32.7167,294.86,295.37,40,94,4.12,1611950832
356,Kingston,17.997,301.48,304.15,20,51,1.54,1611950834
357,Kozluk,38.1938,279.15,279.15,75,81,6.17,1611950836
358,Itatinga,-23.1017,297.99,297.99,99,80,2.56,1611950838
359,La Libertad,-2.2333,302.15,302.15,0,79,4.63,1611950840
360,Quelimane,-17.8786,301.03,301.15,75,89,2.57,1611950843
361,Jiwani,25.05,293.53,293.53,0,55,3.17,1611950845
362,Buta,2.7858,297.26,297.26,58,72,0.53,1611950847
363,Ust-Maya,60.4167,228.26,228.26,84,75,0.39,1611950849
364,Mozhga,56.4447,268.99,268.99,100,98,3.91,1611950851
365,Juneau,58.3019,267.98,270.15,90,80,2.72,1611950745
366,Husavik,66.0449,264.15,264.15,75,86,3.36,1611950855
367,Mizdah,31.4451,287.97,287.97,0,40,5.06,1611950858
368,Brae,60.3964,274.15,274.15,31,75,5.14,1611950860
369,Kieta,-6.2167,300.16,300.16,65,82,4.77,1611950862
370,Tsybli,49.9948,268.93,269.15,75,80,3.0,1611950864
371,Pokosnoye,55.5258,248.25,248.25,100,89,0.55,1611950866
372,Kropotkin,45.4375,274.97,274.97,100,87,3.19,1611950868
373,Quryq,43.2,275.72,275.72,0,81,2.97,1611950870
374,Taoudenni,22.6783,297.01,297.01,0,19,4.94,1611950873
375,Tadine,-21.55,298.11,298.11,54,79,7.43,1611950774
376,Erdenet,49.0333,261.69,261.69,32,88,3.38,1611950877
377,Saint-Pierre,-21.3393,297.64,299.15,0,69,2.57,1611950879
378,Skowhegan,44.7651,265.37,265.37,99,64,1.34,1611950881
379,Pochutla,15.7432,306.32,306.48,40,43,4.12,1611950679
380,Yeniseysk,58.4497,243.56,243.56,100,87,1.85,1611950628
381,Bedford,52.1346,281.72,282.04,100,91,0.89,1611950888
382,San-Pédro,4.7485,298.88,298.88,100,86,2.66,1611950890
383,Port Hedland,-20.3167,300.15,300.15,81,89,2.06,1611950892
384,Valparaíso,-33.0393,294.34,296.15,0,53,3.09,1611950894
385,Coahuayana Viejo,18.7333,304.15,304.15,40,40,2.99,1611950896
386,Bonthe,7.5264,299.63,299.63,0,80,3.5,1611950898
387,Kayes,14.0,301.18,301.18,100,13,2.42,1611950901
388,Cayenne,4.9333,299.15,299.15,75,100,5.12,1611950903
389,Shima,24.4478,284.15,284.15,0,54,2.0,1611950905
390,Inhambane,-23.865,299.98,300.15,20,89,1.87,1611950639
391,Kaeo,-35.1,288.15,288.15,11,94,2.68,1611950909
392,Alghero,40.5589,285.77,287.15,0,82,1.03,1611950911
393,Pacifica,37.6138,283.66,285.15,20,71,2.57,1611950663
394,Lingao,19.9103,289.97,289.97,0,83,5.21,1611950916
395,Cartagena,10.3997,305.15,305.15,40,51,5.66,1611950621
396,Arvin,35.2091,279.36,286.48,98,87,1.34,1611950920
397,Jalu,29.0331,285.66,285.66,0,72,2.47,1611950922
398,Kiryat Gat,31.61,283.41,284.82,29,100,6.16,1611950924
399,Amapá,1.0,300.43,300.43,82,80,2.3,1611950926
400,Terrace,54.5163,265.15,265.15,90,67,9.26,1611950637
401,Yar-Sale,66.8333,232.29,232.29,15,80,2.02,1611950734
402,Panguna,-6.3164,294.66,294.66,53,100,1.39,1611950933
403,Manggar,-2.8833,299.1,299.1,100,84,5.25,1611950635
404,Salta,-24.7859,306.15,306.15,20,31,4.12,1611950937
405,Plymouth,41.8334,264.67,265.37,90,57,6.69,1611950749
406,Port-Gentil,-0.7193,299.15,299.15,40,89,1.03,1611950941
407,Tsiroanomandidy,-18.7667,294.65,294.65,59,87,1.39,1611950943
408,Provincia di Cagliari,39.245,288.15,288.15,0,67,5.14,1611950945
409,Booué,-0.0921,297.63,297.63,100,88,0.81,1611950948
410,Soyo,-6.1349,299.35,299.35,100,85,1.74,1611950950
411,Kismayo,-0.3582,298.57,298.57,0,82,6.91,1611950952
412,Auki,-8.7676,299.58,299.58,100,85,4.13,1611950954
413,Hannibal,39.7084,277.14,278.15,1,56,2.57,1611950691
414,Savannah Bight,16.45,297.51,298.15,75,83,3.39,1611950958
415,Mil'kovo,54.7167,253.98,253.98,100,92,0.64,1611950961
416,Phang Nga,8.4509,296.78,298.15,20,78,3.09,1611950963
417,Hirado,33.3597,274.82,274.82,0,51,5.36,1611950965
418,Izumo,35.3667,275.15,275.15,75,69,4.12,1611950868
419,Oyama,36.3,274.41,276.48,0,43,5.14,1611950969
420,Oudtshoorn,-33.5907,290.15,290.15,0,82,1.54,1611950971
421,Pinotepa de Don Luis,16.4167,307.16,307.16,39,25,3.22,1611950973
422,Fairbanks,64.8378,253.46,256.48,90,77,1.0,1611950732
423,Guía de Isora,28.2115,292.21,293.15,0,77,1.54,1611950978
424,Powell River,49.8496,278.42,279.15,75,87,5.14,1611950980
425,Klaksvík,62.2266,273.15,273.15,75,69,1.54,1611950982
426,Tarakan,3.3,299.07,299.07,100,82,6.42,1611950943
427,Salalah,17.0151,296.15,296.15,75,64,3.6,1611950986
428,Ambon City,-3.6954,300.17,300.17,100,80,4.72,1611950989
429,São Félix do Xingu,-6.6447,302.98,302.98,21,67,1.59,1611950845
430,Kurduvādi,18.0833,295.95,295.95,97,39,1.9,1611950993
431,Mumford,5.2618,299.44,299.44,99,84,2.39,1611950995
432,Batagay,67.6333,230.44,230.44,100,75,0.24,1611950997
433,Dongsheng,39.8161,265.77,265.77,0,82,7.92,1611950999
434,Chapais,49.7834,256.15,256.15,90,78,4.63,1611950783
435,Ponta Delgada,37.7333,288.65,289.15,20,82,3.09,1611951004
436,Evanston,42.0411,272.95,273.71,20,43,5.14,1611950264
437,Yellowknife,62.456,245.71,246.48,20,76,3.09,1611950822
438,Kupang,-10.1667,299.7,299.7,100,83,5.44,1611951010
439,Toora-Khem,52.4675,263.17,263.17,100,94,1.38,1611951012
440,Comodoro Rivadavia,-45.8667,290.15,290.15,40,42,6.17,1611951014
441,Cunday,4.06,304.24,304.24,58,48,1.11,1611951016
442,Ladário,-19.0047,303.37,305.15,40,79,5.14,1611951019
443,Kushima,31.4583,273.15,273.15,0,86,1.79,1611951021
444,Skoghall,59.3232,260.15,260.15,0,100,3.04,1611951023
445,Kokologo,12.1897,302.15,302.15,0,16,2.06,1611951025
446,Rawson,-43.3002,288.97,288.97,25,53,9.61,1611951027
447,Vadsø,70.0744,262.47,265.15,90,86,5.66,1611951029
448,Kichera,55.9375,241.78,241.78,15,71,2.21,1611951031
449,Anadyr,64.75,244.21,244.26,0,76,3.0,1611951034
450,Kano,12.0001,295.15,295.15,0,28,2.57,1611951036
451,Kungurtug,50.5994,262.67,262.67,100,88,2.1,1611951038
452,Onega,63.9061,269.55,269.55,100,97,5.27,1611951040
453,Akom,2.6678,297.13,297.13,46,67,1.25,1611951042
454,Tarpon Springs,28.1461,290.08,291.48,0,45,3.6,1611951044
455,San Rafael,-34.6177,302.27,302.27,91,22,4.02,1611951046
456,Cabedelo,-6.9811,301.15,301.15,75,74,5.14,1611951048
457,Doha,25.2867,293.82,294.26,0,77,1.54,1611951051
458,Muscatine,41.4667,272.49,273.15,1,69,5.14,1611951053
459,Tocopilla,-22.092,296.17,296.17,4,44,2.24,1611951055
460,Burgeo,47.6167,271.32,271.32,35,87,7.99,1611951058
461,Inírida,3.8653,306.12,306.12,27,47,0.5,1611951060
462,Rivera,-30.9053,303.54,303.54,59,53,2.2,1611950955
463,Lüderitz,-26.6481,295.5,295.5,0,41,12.21,1611951065
464,Port Hardy,50.6996,277.92,279.15,90,81,5.14,1611950831
465,Sovetskiy,61.3614,246.47,246.47,97,87,3.08,1611951069
466,Ratnagiri,16.9833,296.56,296.56,100,53,1.33,1611951071
467,Agüimes,27.9054,294.25,294.82,0,73,1.54,1611951074
468,Kalmunai,7.4167,297.4,297.4,100,90,3.84,1611951076
469,Luganville,-15.5333,299.77,299.77,96,82,0.96,1611951078
470,Vallenar,-28.5708,302.82,302.82,0,27,4.44,1611951080
471,Tagāb,34.855,271.15,271.15,0,46,1.64,1611951082
472,San Policarpo,12.1791,298.7,298.7,100,84,10.37,1611951085
473,Yulara,-25.2406,299.15,299.15,75,65,5.14,1611951087
474,Jumla,29.2747,270.57,270.57,0,73,1.48,1611951089
475,Faya,18.3851,288.15,288.15,0,36,4.63,1611951091
476,Mount Isa,-20.7333,300.15,300.15,100,61,2.57,1611951093
477,Palana,59.1167,250.44,250.44,100,93,2.5,1611951095
478,Show Low,34.2542,281.15,281.15,75,27,10.8,1611951098
479,Ternate,0.8,299.43,299.43,67,82,3.13,1611951100
480,Zaozyornoye,45.1582,280.93,280.93,100,58,3.13,1611951102
481,Saint-Louis,16.3333,305.15,305.15,0,13,1.03,1611951104
482,Ventspils,57.3894,273.15,273.15,90,100,3.6,1611950941
483,Weligama,5.9667,297.44,297.44,83,88,0.56,1611951109
484,Nkoteng,4.5167,297.81,297.81,63,25,1.24,1611951111
485,Vincennes,48.85,282.57,283.15,90,81,4.12,1611950908
486,Nishihara,26.1842,284.82,287.15,75,58,4.63,1611951115
487,Asilah,35.465,289.15,289.15,75,82,2.57,1611951014
488,Beringovskiy,63.05,246.85,246.85,23,86,3.97,1611951119
489,Ginda,30.6945,275.84,275.84,0,53,3.44,1611951122
490,Seoul,37.5683,266.84,268.15,75,54,4.12,1611950890
491,Beidao,34.5686,274.37,274.37,100,71,0.41,1611951126
492,Bilma,18.6853,290.89,290.89,23,26,2.54,1611951128
493,Nouakchott,18.0858,299.15,299.15,18,13,3.6,1611951131
494,León,21.1167,294.15,294.15,40,37,2.19,1611951004
495,Port Augusta,-32.5,290.11,292.15,90,72,5.66,1611951135
496,Kholm-Zhirkovskiy,55.5189,267.82,267.82,100,97,5.02,1611951137
497,Labuhan,-6.8844,298.47,298.47,100,86,6.87,1611951139
498,Merauke,-8.4667,299.35,299.35,79,86,6.49,1611951142
499,Tilichiki,60.4667,251.51,251.51,91,92,4.15,1611951144
500,Porto Nacional,-10.7081,303.15,303.15,40,70,1.03,1611951146
501,Bereket,39.2446,282.15,282.15,56,52,1.28,1611951014
502,Marystown,47.1666,270.75,270.75,86,93,8.46,1611951150
503,Aurād,18.25,295.55,295.55,51,54,3.95,1611950942
504,Quatre Cocos,-20.2078,300.26,300.37,75,78,5.14,1611951155
505,Nosivka,50.9315,268.97,268.97,99,97,4.25,1611951157
506,Dulyapino,57.2578,271.15,271.15,90,86,4.0,1611951159
507,Mangan,27.5167,280.73,280.73,18,53,3.38,1611951161
508,Puerto Palomas,31.7667,285.15,285.15,40,37,2.57,1611951164
509,Wanning,18.8003,292.21,292.21,100,81,2.69,1611951166
510,Barranco de Loba,8.946,309.73,309.73,100,31,1.93,1611951168
511,Lazarev,52.225,255.0,255.0,100,92,7.72,1611951170
512,Barabai,-2.5833,296.07,296.07,100,84,0.27,1611951172
513,Nador,35.174,286.24,287.15,20,94,1.03,1611951174
514,Bridlington,54.0831,276.86,277.04,100,89,3.58,1611951176
515,Tautira,-17.7333,302.58,303.15,40,62,5.66,1611951179
516,Birkenfeld,48.8667,280.57,281.48,100,61,3.58,1611951181
517,Tomatlán,19.9333,310.2,310.2,40,20,2.68,1611951183
518,Prince Rupert,54.3161,275.45,276.15,75,69,4.63,1611950902
519,Grass Valley,39.2191,276.25,278.15,98,100,0.77,1611951188
520,Ukiah,39.1502,280.24,281.48,90,71,1.25,1611951190
521,Mahabalipuram,12.6264,297.15,297.15,40,83,4.36,1611951192
522,Zile,40.3031,270.15,270.15,0,80,2.57,1611951194
523,Cap Malheureux,-19.9842,300.37,300.37,0,77,1.34,1611951197
524,Olafsvik,64.8945,274.46,274.46,100,92,0.31,1611951199
525,Aykhal,66.0,235.59,235.59,79,80,2.93,1611951202
526,North Bend,43.4065,279.96,280.15,1,81,4.12,1611951204
527,Fortuna,40.5982,282.67,284.26,1,93,2.57,1611951206
528,Juegang,32.3174,276.48,276.48,0,71,3.82,1611951208
529,Sam Roi Yot,12.2708,295.97,295.97,84,78,1.19,1611951211
530,Morón,-34.6534,302.17,303.15,22,46,1.79,1611951213
531,Jiuquan,39.7432,266.32,266.32,0,71,1.55,1611951215
532,Artigas,-30.4,304.83,304.83,74,48,3.28,1611950966
533,Panzhihua,26.5851,279.26,279.26,0,59,0.35,1611951219
534,Capitola,36.9752,284.35,285.93,1,66,1.03,1611951221
535,Severo-Kuril'sk,50.6789,266.65,266.65,99,92,7.27,1611951224
536,Maple Creek,49.9168,265.63,273.15,95,79,2.06,1611951226
537,Susaki,33.3667,273.75,273.75,4,86,2.33,1611951228
538,Mogadishu,2.0371,297.99,297.99,0,75,10.2,1611951230
539,Āsmār,35.0333,278.84,278.84,0,46,4.33,1611951233
540,Thinadhoo,0.5333,300.61,300.61,99,78,5.65,1611951235
541,Pangody,65.85,231.63,231.63,27,80,2.69,1611951238
542,Coro,11.4045,301.32,301.32,33,59,7.76,1611951240
543,Tuensang,26.2833,283.73,283.73,0,80,1.07,1611951243
544,Ayan,56.45,250.75,250.75,100,86,0.78,1611951245
545,Coyhaique,-45.5752,290.15,290.15,20,39,5.14,1611951247
546,Apastovo,55.2029,269.15,269.15,90,93,4.0,1611951250
547,Itaituba,-4.2761,304.66,304.66,91,58,0.52,1611951252
548,Kisangani,0.5167,296.52,296.52,100,85,0.93,1611951254
549,Kyshtovka,56.555,259.55,259.55,100,94,4.69,1611951257
550,Zheleznodorozhnyy,55.7503,272.82,273.15,75,74,6.0,1611951259
551,Inuvik,68.3499,239.15,239.15,5,68,3.09,1611951262
552,Zhangye,38.9342,265.79,265.79,0,75,1.27,1611951264
553,Foshan,23.0268,288.51,291.48,0,71,2.0,1611951266
554,Bowen,-20.0167,296.15,296.15,90,88,4.12,1611951269
555,Paso de Carrasco,-34.8603,301.09,302.15,0,50,4.63,1611951198
556,Aras,42.5617,284.15,284.15,0,82,1.38,1611951273
557,Kuminskiy,58.6667,254.82,254.82,100,93,3.51,1611951275
558,Leh,34.1667,255.92,255.92,29,65,1.17,1611951277
559,Macamic,48.7502,257.15,257.15,90,72,3.09,1611951280
560,Kaoma,-14.7833,292.75,292.75,100,92,2.08,1611951282
561,Ji’an,27.1172,283.54,283.54,100,55,1.14,1611951284
562,Chiang Rai,19.9167,294.15,294.15,20,83,1.03,1611951287
563,Cookeville,36.1628,278.94,279.82,1,36,2.0,1611951079
564,Sambava,-14.2667,298.52,298.52,100,85,1.14,1611951291
565,Laiwu,36.1928,273.83,273.83,5,87,0.54,1611951293
566,Pinawa,50.1489,265.87,265.87,100,95,4.57,1611951295
567,Sorong,-0.8833,299.35,299.35,100,79,1.96,1611951297
568,Marsabit,2.3284,294.74,294.74,4,58,4.42,1611951300
569,Koygorodok,60.445,267.81,267.81,100,97,3.73,1611951302
570,Hakodate,41.7758,270.15,270.15,75,80,6.69,1611951304
571,City of San Pedro,14.35,297.28,297.59,40,73,1.54,1611951307
572,Flin Flon,54.7682,262.15,262.15,90,79,4.12,1611951309
