,City,Country,Latitude,Longitude,Temperature,Max Temperature,Cloudiness,Humidity,Wind Speed,Date/Time
0,Busselton,AU,-33.65,115.3333,62.76,64.99,0,78,3.0,1612047319
1,Parry Sound,CA,45.3501,-80.033,17.6,17.6,33,62,4.47,1612047240
2,Provideniya,RU,64.3833,-173.3,-12.08,-12.08,84,83,11.72,1612047388
3,Ponta do Sol,PT,32.6667,-17.1,55.69,60.01,52,76,1.99,1612047326
4,Seymchan,RU,62.8833,152.4333,-29.45,-29.45,100,81,7.85,1612047464
5,Hobart,AU,-42.8794,147.3294,65.34,68.0,20,48,11.5,1612047272
6,Morehead,US,37.2711,-87.1764,43.79,45.0,90,56,13.8,1612047466
7,Albany,US,42.6001,-73.9662,17.37,18.0,14,55,13.0,1612047315
8,George Town,MY,5.4112,100.3354,74.93,77.0,20,83,3.44,1612047320
9,Hilo,US,19.7297,-155.09,73.98,78.8,1,61,5.75,1612047467
10,Araxá,BR,-19.5933,-46.9406,69.55,69.55,70,74,2.08,1612047470
11,Pisco,PE,-13.7,-76.2167,73.24,73.4,0,73,19.57,1612047340
12,Oktyabr'skiy,RU,54.4815,53.471,22.62,22.62,90,97,8.32,1612047472
13,Castro,BR,-24.7911,-50.0119,65.77,65.77,100,97,1.68,1612047312
14,Warmbad,NA,-28.45,18.7333,73.2,73.2,0,38,11.25,1612047418
15,Torbay,CA,47.6666,-52.7314,27.99,28.99,90,93,10.36,1612047331
16,Butaritari,KI,3.0707,172.7902,81.21,81.21,100,77,16.58,1612047323
17,Leningradskiy,RU,69.3833,178.4167,-27.51,-27.51,0,81,3.24,1612047349
18,Mataura,NZ,-46.1927,168.8643,66.88,66.88,78,46,2.48,1612047317
19,Fort Nelson,CA,58.8053,-122.7002,-7.6,-7.6,75,64,2.3,1612047480
20,Harindānga,IN,22.0383,88.3214,53.6,53.6,0,87,3.44,1612047481
21,New Norfolk,AU,-42.7826,147.0587,62.78,68.0,12,60,1.01,1612047314
22,Lebu,CL,-37.6167,-73.65,59.4,59.4,2,77,12.82,1612047342
23,Santa Rosa,PH,14.3122,121.1114,71.19,71.6,20,78,2.3,1612047485
24,Clyde River,CA,70.4692,-68.5914,-18.4,-18.4,1,76,7.31,1612047330
25,Hope,US,33.6671,-93.5916,59.0,59.0,82,74,8.99,1612047487
26,Batagay-Alyta,RU,67.8006,130.4114,-37.08,-37.08,94,80,2.13,1612047488
27,Harper,LR,4.375,-7.7169,78.42,78.42,34,87,6.89,1612047489
28,The Pas,CA,53.8251,-101.2541,15.8,15.8,90,86,2.3,1612047490
29,Vaini,TO,-21.2,-175.2,82.4,82.4,75,83,6.91,1612047314
30,Mandalgovi,MN,45.7625,106.2708,11.71,11.71,72,92,10.89,1612047493
31,Saldanha,ZA,-33.0117,17.9442,64.69,64.69,0,91,5.06,1612047022
32,Grand Gaube,MU,-20.0064,57.6608,75.99,75.99,6,87,3.0,1612047308
33,Tuktoyaktuk,CA,69.4541,-133.0374,-34.6,-34.6,40,67,2.3,1612047332
34,Arraial do Cabo,BR,-22.9661,-42.0278,77.88,77.88,47,78,27.98,1612047073
35,Porto-Novo,BJ,6.4965,2.6036,84.2,84.2,20,84,10.36,1612047251
36,Katsuura,JP,35.1333,140.3,35.6,35.6,20,60,3.44,1612047334
37,Saint Paul Harbor,US,57.79,-152.4072,33.8,33.8,1,55,23.02,1612047323
38,Margate,GB,51.3813,1.3862,38.43,39.0,86,80,5.99,1612047443
39,Kahului,US,20.8947,-156.47,73.76,78.8,40,61,20.71,1612047255
40,Ternate,ID,0.8,127.4,79.18,79.18,100,78,6.08,1612047505
41,Beringovskiy,RU,63.05,179.3167,8.2,8.2,100,95,26.42,1612047340
42,Khatanga,RU,71.9667,102.5,-46.62,-46.62,29,78,1.28,1612047333
43,Avarua,CK,-21.2078,-159.775,78.8,78.8,75,78,5.75,1612047314
44,Nabire,ID,-3.3667,135.4833,78.8,78.8,97,85,2.95,1612047509
45,Laas,IT,46.6166,10.7002,35.56,41.0,90,100,2.13,1612047325
46,Pudozh,RU,61.8099,36.5345,12.87,12.87,41,96,4.72,1612047511
47,Ushuaia,AR,-54.8,-68.3,51.8,51.8,20,62,25.32,1612047163
48,Berdigestyakh,RU,62.0989,126.6992,-45.81,-45.81,75,76,1.28,1612047319
49,Saskylakh,RU,71.9167,114.0833,-35.66,-35.66,100,81,10.89,1612047350
50,Tiksi,RU,71.6872,128.8694,-28.16,-28.16,100,86,5.03,1612047338
51,Port Alfred,ZA,-33.5906,26.891,64.0,64.0,30,92,2.33,1612047312
52,Yellowknife,CA,62.456,-114.3525,-10.7,-9.99,75,77,4.61,1612047288
53,Kapaa,US,22.0752,-159.319,76.64,78.8,75,65,16.11,1612047339
54,Ostrovnoy,RU,68.0531,39.5131,14.41,14.41,100,95,8.57,1612047324
55,Dikson,RU,73.5069,80.5464,-35.52,-35.52,0,80,7.65,1612047319
56,Upernavik,GL,72.7868,-56.1549,-9.83,-9.83,26,84,6.22,1612047343
57,Jamestown,US,42.097,-79.2353,19.65,19.99,40,73,2.01,1612047187
58,Nadym,RU,65.5333,72.5167,-18.72,-18.72,100,85,20.38,1612047525
59,Chabahar,IR,25.2919,60.643,67.24,67.24,0,71,5.44,1612047526
60,Chicama,PE,-7.8447,-79.1469,71.6,71.6,56,78,11.5,1612047313
61,Bluff,NZ,-46.6,168.3333,57.16,57.16,100,67,0.98,1612047312
62,Isangel,VU,-19.55,169.2667,82.4,82.4,40,69,9.22,1612047406
63,Chifeng,CN,42.2683,118.9636,11.17,11.17,34,89,3.96,1612047530
64,Nanortalik,GL,60.1432,-45.2371,30.04,30.04,100,90,9.1,1612047312
65,Tyukhtet,RU,56.5389,89.3011,-29.69,-29.69,0,83,5.55,1612047532
66,Raudeberg,NO,61.9875,5.1352,33.01,33.01,100,93,10.63,1612047534
67,Vestmanna,FO,62.1564,-7.1664,33.8,33.8,75,75,20.71,1612047321
68,Atuona,PF,-9.8,-139.0333,78.93,78.93,28,76,19.55,1612047311
69,Khāsh,IR,28.2211,61.2158,49.95,49.95,0,46,6.91,1612047503
70,Tamiahua,MX,21.2667,-97.45,74.21,74.21,100,82,9.6,1612047538
71,Kuril'sk,RU,45.2333,147.8833,19.71,19.71,100,95,18.88,1612047539
72,Douentza,ML,14.9951,-2.9517,65.17,65.17,0,24,4.16,1612047540
73,Acaraú,BR,-2.8856,-40.12,79.79,79.79,87,79,13.02,1612047542
74,Binghamton,US,42.0987,-75.918,15.24,17.6,1,67,10.36,1612047536
75,Kuytun,RU,54.3419,101.5036,-30.46,-30.46,100,83,9.22,1612047544
76,Japura,ID,-0.3167,102.35,71.35,71.35,96,98,2.33,1612047545
77,Port Lincoln,AU,-34.7333,135.8667,63.66,63.66,2,71,17.07,1612047321
78,Rikitea,PF,-23.1203,-134.9692,79.12,79.12,22,74,12.33,1612047311
79,Bo Phloi,TH,14.3236,99.5161,75.99,75.99,2,55,4.29,1612047549
80,Ust-Nera,RU,64.5667,143.2,-22.47,-22.47,100,77,8.1,1612047550
81,Salalah,OM,17.0151,54.0924,68.0,68.0,0,64,5.75,1612047551
82,Mulegé,MX,26.8833,-111.9833,63.63,63.63,59,52,13.35,1612047552
83,Srednekolymsk,RU,67.45,153.6833,-33.93,-33.93,100,83,2.73,1612047352
84,Ossora,RU,59.2353,163.0719,-0.65,-0.65,99,89,29.97,1612047554
85,Orissaare,EE,58.5592,23.0826,27.77,28.4,75,100,5.75,1612047556
86,Hermanus,ZA,-34.4187,19.2345,66.99,66.99,3,84,9.86,1612047313
87,Yantal',RU,56.8471,105.2542,-42.5,-42.5,58,76,2.44,1612047558
88,Qaanaaq,GL,77.484,-69.3632,-5.91,-5.91,94,72,2.48,1612047333
89,Tasiilaq,GL,65.6145,-37.6368,21.2,21.2,90,38,21.85,1612047338
90,Muros,ES,42.7762,-9.0603,55.51,55.99,99,76,3.0,1612047561
91,Mar del Plata,AR,-38.0023,-57.5575,62.13,62.6,75,59,18.41,1612047328
92,Kavieng,PG,-2.5744,150.7967,83.25,83.25,100,73,14.32,1612047327
93,Pitkyaranta,RU,61.5734,31.4792,21.27,21.27,100,98,5.41,1612047564
94,Kushiro,JP,42.975,144.3747,12.2,12.2,20,79,3.44,1612047566
95,Port-Cartier,CA,50.0334,-66.8654,17.76,19.4,37,58,8.05,1612047364
96,Fairbanks,US,64.8378,-147.7164,-5.08,-2.99,90,71,3.44,1612047215
97,Bambous Virieux,MU,-20.3428,57.7575,77.47,78.8,40,89,11.79,1612047569
98,Punta Arenas,CL,-53.15,-70.9167,55.2,55.4,0,58,21.85,1612047048
99,Vanimo,PG,-2.6741,141.3028,81.64,81.64,100,77,6.46,1612047571
100,Upata,VE,8.0086,-62.3989,75.0,75.0,71,95,3.0,1612047401
101,Cape Town,ZA,-33.9258,18.4232,68.47,71.01,75,77,1.14,1612047078
102,Dunedin,NZ,-45.8742,170.5036,61.0,61.0,49,70,18.99,1612047083
103,Lac du Bonnet,CA,50.2536,-96.0612,25.0,25.0,100,100,2.21,1612047576
104,Taltal,CL,-25.4,-70.4833,69.58,69.58,22,66,5.3,1612047577
105,Naryan-Mar,RU,67.6713,53.087,1.2,1.2,99,93,11.72,1612047418
106,Norman Wells,CA,65.282,-126.8329,-25.6,-25.6,40,68,3.44,1612047355
107,Mahébourg,MU,-20.4081,57.7,78.8,78.8,40,89,11.72,1612047308
108,Port Augusta,AU,-32.5,137.7667,66.2,66.2,100,68,12.66,1612047581
109,Chokurdakh,RU,70.6333,147.9167,-29.07,-29.07,57,86,7.9,1612047356
110,Touros,BR,-5.1989,-35.4608,80.6,80.6,0,78,8.05,1612047190
111,Adeje,ES,28.1227,-16.726,59.29,64.4,40,77,12.66,1612047585
112,Bozoum,CF,6.3193,16.3799,71.35,71.35,99,28,2.15,1612047586
113,Minzhu,CN,43.7286,127.3447,-11.06,-11.06,61,87,2.35,1612047587
114,Santarém,BR,-2.4431,-54.7083,80.6,80.6,0,83,5.75,1612047311
115,Hithadhoo,MV,-0.6,73.0833,81.55,81.55,63,80,15.95,1612047334
116,Oistins,BB,13.0667,-59.5333,80.6,80.6,40,65,13.8,1612047486
117,Saint-Pierre,RE,-21.3393,55.4781,76.57,78.8,0,65,6.91,1612047384
118,Gubkinskiy,RU,64.434,76.5026,-20.13,-20.13,100,85,18.86,1612047593
119,Taoudenni,ML,22.6783,-3.9836,69.51,69.51,0,22,10.74,1612047328
120,Fortuna,US,40.5982,-124.1573,54.93,55.99,90,71,18.41,1612047329
121,Pevek,RU,69.7008,170.3133,-32.84,-32.84,2,84,3.74,1612047316
122,Airai,TL,-8.9266,125.4092,61.66,61.66,100,100,5.12,1612047316
123,Kaitangata,NZ,-46.2817,169.8464,61.0,61.0,68,78,8.99,1612047326
124,Samarinda,ID,-0.5,117.15,72.39,72.39,100,96,2.93,1612047600
125,Ribeira Grande,PT,38.5167,-28.7,63.14,63.14,56,90,22.77,1612047329
126,Nikolskoye,RU,59.7035,30.7861,25.84,26.6,75,93,6.71,1612047316
127,Thompson,CA,55.7435,-97.8558,15.8,15.8,90,86,3.44,1612047321
128,Lochgilphead,GB,56.038,-5.4321,32.31,33.01,20,93,8.05,1612047607
129,Camalú,MX,30.85,-116.0667,60.01,60.01,0,54,8.01,1612047609
130,Bredasdorp,ZA,-34.5322,20.0403,66.99,66.99,6,84,6.35,1612047312
131,Kysyl-Syr,RU,63.8986,122.7617,-52.94,-52.94,50,75,2.59,1612047611
132,Berlevåg,NO,70.8578,29.0864,24.85,24.85,100,96,21.05,1612047613
133,Barrow,US,71.2906,-156.7887,-9.4,-9.4,90,70,9.22,1612047318
134,Sangar,RU,63.9242,127.4739,-49.77,-49.77,68,76,3.42,1612047373
135,Denpasar,ID,-8.65,115.2167,80.6,80.6,75,83,12.66,1612047616
136,Turukhansk,RU,65.8167,87.9833,-32.35,-32.35,0,76,5.08,1612047432
137,City of San Pedro,PH,14.35,121.0167,71.19,71.6,20,78,2.3,1612047619
138,Lalibela,ET,12.0333,39.0333,49.01,49.01,0,50,2.28,1612047620
139,Klungkung,ID,-8.5333,115.4,80.6,80.6,75,83,12.66,1612047621
140,Cidreira,BR,-30.1811,-50.2056,75.16,75.16,83,91,7.25,1612047345
141,Grindavik,IS,63.8424,-22.4338,21.2,21.2,0,73,5.75,1612047328
142,Geraldton,AU,-28.7667,114.6,84.2,84.2,0,28,8.05,1612047341
143,East London,ZA,-33.0153,27.9116,69.87,69.87,2,83,2.01,1612047311
144,Chui,UY,-33.6971,-53.4616,73.92,73.92,58,75,14.9,1612047070
145,Ulladulla,AU,-35.35,150.4667,65.73,66.2,90,100,12.66,1612047628
146,Alice Springs,AU,-23.7,133.8833,84.2,84.2,23,26,18.41,1612047370
147,Ucluelet,CA,48.9329,-125.5528,43.57,44.01,90,93,11.5,1612047605
148,Astara,AZ,38.5,48.6667,42.8,42.8,90,100,3.44,1612047631
149,Tautira,PF,-17.7333,-149.15,86.0,86.0,75,62,12.66,1612047632
150,Kiunga,PG,-6.1219,141.2906,78.73,78.73,92,86,2.77,1612047634
151,Morondava,MG,-20.2833,44.2833,80.96,80.96,65,76,3.06,1612047372
152,Mataram,ID,-8.5833,116.1167,77.0,77.0,75,94,8.05,1612047636
153,Port Shepstone,ZA,-30.7414,30.455,75.79,75.79,79,84,2.24,1612047637
154,Salinas,US,36.6777,-121.6555,56.66,59.0,75,55,3.44,1612047423
155,Cap-aux-Meules,CA,47.3821,-61.8597,24.8,24.8,100,86,25.32,1612047639
156,Okhotsk,RU,59.3833,143.3,-12.39,-12.39,0,79,17.07,1612047640
157,Puerto Ayora,EC,-0.7393,-90.3518,81.57,84.2,0,70,12.66,1612047331
158,High Rock,BS,26.6208,-78.2833,68.0,68.0,75,52,11.5,1612047643
159,Marathon,US,44.9,-89.7668,28.76,30.0,90,69,17.27,1612047644
160,Sittwe,MM,20.15,92.9,66.56,66.56,100,62,10.11,1612047365
161,Cabedelo,BR,-6.9811,-34.8339,80.6,80.6,0,78,8.05,1612047381
162,College,US,64.8569,-147.8028,-5.55,-4.0,90,77,3.44,1612047638
163,Port Moresby,PG,-9.4431,147.1797,73.4,73.4,90,100,8.05,1612047385
164,The Valley,AI,18.217,-63.0578,77.52,78.8,40,78,5.75,1612047355
165,Tessalit,ML,20.1986,1.0114,63.95,63.95,21,22,12.91,1612047347
166,Guerrero Negro,MX,27.9769,-114.0611,63.61,63.61,61,53,16.31,1612047343
167,Lavrentiya,RU,65.5833,-171.0,-17.37,-17.37,0,83,5.46,1612047379
168,Saint-Philippe,RE,-21.3585,55.7679,73.38,78.8,0,65,6.91,1612047341
169,Klaksvík,FO,62.2266,-6.589,33.8,33.8,75,75,20.71,1612047335
170,Kerema,PG,-7.9631,145.7785,76.57,76.57,99,86,6.42,1612047656
171,Lamont,US,35.2597,-118.9143,61.95,64.0,1,41,5.75,1612047658
172,Aku,NG,6.7081,7.3167,77.0,77.0,0,44,4.61,1612047659
173,Pangnirtung,CA,66.1451,-65.7125,-9.51,-9.51,0,74,1.97,1612047313
174,Båtsfjord,NO,70.6345,29.7185,22.75,22.75,100,95,18.39,1612047661
175,La Palma,US,33.8464,-118.0467,61.57,64.4,1,67,6.91,1612047663
176,Aripuanã,BR,-9.1667,-60.6333,75.99,75.99,92,98,1.32,1612047664
177,Tuatapere,NZ,-46.1333,167.6833,63.09,63.09,93,51,1.72,1612047332
178,Esperance,AU,-33.8667,121.9,57.2,57.2,0,88,12.66,1612047312
179,Half Moon Bay,US,37.4636,-122.4286,56.35,59.0,90,71,9.22,1612047374
180,Olafsvik,IS,64.8945,-23.7142,22.96,22.96,4,90,17.52,1612047357
181,Iqaluit,CA,63.7506,-68.5145,-7.29,-7.01,1,71,17.27,1612047314
182,Narsaq,GL,60.9167,-46.05,41.0,41.0,75,30,35.68,1612047329
183,Palm Beach,US,26.6503,-80.4498,66.67,66.99,57,71,3.0,1612047672
184,Čáslav,CZ,49.911,15.3897,28.85,32.0,75,74,5.75,1612047673
185,Guibéroua,CI,6.2392,-6.1727,76.71,76.71,100,81,3.85,1612047674
186,Presidencia Roque Sáenz Peña,AR,-26.7852,-60.4388,80.01,80.01,47,65,4.0,1612047675
187,Olavarría,AR,-36.8927,-60.3225,64.0,64.0,100,50,5.99,1612047676
188,Port Blair,IN,11.6667,92.75,78.35,78.35,7,81,6.35,1612047324
189,San Cristobal,VE,7.7669,-72.225,82.4,82.4,40,61,10.36,1612047360
190,Taraz,KZ,42.9,71.3667,41.0,41.0,90,38,6.71,1612047680
191,Hambantota,LK,6.1241,81.1185,77.25,77.25,97,80,12.39,1612047344
192,Aykhal,RU,66.0,111.5,-33.48,-33.48,80,80,13.06,1612047665
193,Kiryat Gat,IL,31.61,34.7642,54.14,55.99,0,58,5.01,1612047423
194,Skellefteå,SE,64.7507,20.9528,11.5,14.0,90,85,5.75,1612047384
195,Hede,CN,33.7681,120.2517,41.9,41.9,99,67,5.73,1612047685
196,Gaoua,BF,10.2992,-3.2508,77.61,77.61,0,17,4.92,1612047686
197,Severo-Kuril'sk,RU,50.6789,156.125,23.58,23.58,99,95,31.92,1612047322
198,Kutum,SD,14.2,24.6667,53.46,53.46,0,36,5.32,1612047689
199,Cockburn Town,TC,21.4612,-71.1419,73.4,73.4,20,60,11.5,1612047670
200,Oktyabr'skoye,RU,43.0645,44.7417,37.2,37.4,15,87,6.71,1612047691
201,Estreito,BR,-5.7833,-43.25,74.35,74.35,100,92,2.17,1612047692
202,Banjar,ID,-8.19,114.9675,80.6,80.6,75,83,12.66,1612047693
203,Lancaster,US,40.2504,-76.2499,27.79,32.0,1,37,5.75,1612047694
204,Bubaque,GW,11.2833,-15.8333,79.45,79.45,15,60,11.7,1612047696
205,Mahibadhoo,MV,3.7833,72.9667,80.38,80.38,16,77,13.65,1612047370
206,Faanui,PF,-16.4833,-151.75,81.14,81.14,76,72,8.03,1612047357
207,Haines Junction,CA,60.7522,-137.5108,1.4,1.4,100,66,2.3,1612047350
208,Hofn,IS,64.2539,-15.2082,20.37,20.37,87,83,17.98,1612047383
209,Ishigaki,JP,24.3448,124.1572,66.2,66.2,75,63,11.5,1612047701
210,Pedernales,DO,18.0384,-71.744,77.72,77.72,41,66,3.15,1612047702
211,Lázaro Cárdenas,MX,17.9583,-102.2,82.06,82.06,23,65,6.04,1612047383
212,Darhan,MN,49.4867,105.9228,-1.88,-1.88,100,81,8.79,1612047704
213,Kruisfontein,ZA,-34.0033,24.7314,61.0,61.0,1,87,1.99,1612047319
214,San Patricio,US,28.017,-97.5169,80.82,84.2,40,58,14.97,1612047313
215,Pacific Grove,US,36.6177,-121.9166,55.02,55.99,90,62,9.22,1612047210
216,Puerto Baquerizo Moreno,EC,-0.9,-89.6,82.4,82.4,40,83,12.66,1612047698
217,Lompoc,US,34.6391,-120.4579,55.31,57.2,40,62,3.33,1612047115
218,Prome,MM,18.8167,95.2167,63.01,63.01,91,45,1.74,1612047711
219,Huarmey,PE,-10.0681,-78.1522,74.23,74.23,69,68,10.98,1612047338
220,Örnsköldsvik,SE,63.2909,18.7153,14.0,14.0,90,92,9.22,1612047714
221,Cabo San Lucas,MX,22.8909,-109.9124,74.48,75.2,20,57,11.5,1612047321
222,Progreso,MX,21.2833,-89.6667,84.09,84.2,75,39,9.22,1612047426
223,Oulu,FI,65.0124,25.4682,16.75,17.6,90,86,3.44,1612047717
224,Jalu,LY,29.0331,21.5482,60.46,60.46,0,42,10.98,1612047329
225,Bud,US,39.447,-86.1758,30.99,30.99,100,95,13.33,1612047719
226,Marystown,CA,47.1666,-55.1483,30.49,30.49,100,94,8.81,1612047720
227,Kasongo-Lunda,CD,-6.4667,16.8167,69.64,69.64,100,94,0.92,1612047339
228,Kondinskoye,RU,59.6481,67.41,12.83,12.83,100,96,10.11,1612047723
229,Beyneu,KZ,45.3167,55.2,33.98,33.98,100,93,9.64,1612047353
230,Capiíbary,PY,-24.8,-56.0333,76.62,76.62,20,86,7.7,1612047725
231,Imbituba,BR,-28.24,-48.6703,80.6,80.6,0,83,4.61,1612047726
232,North Bend,US,43.4065,-124.2243,50.0,51.8,90,76,10.65,1612047315
233,Codrington,AU,-38.2667,141.9667,62.17,62.17,67,64,7.34,1612047317
234,Ilabaya,PE,-17.4208,-70.5133,69.91,69.91,38,47,5.19,1612047729
235,Moose Factory,CA,51.2585,-80.6094,-4.0,-4.0,1,77,6.91,1612047730
236,Cayenne,GF,4.9333,-52.3333,80.6,80.6,90,89,9.22,1612047317
237,São Gabriel da Cachoeira,BR,-0.1303,-67.0892,81.93,81.93,65,68,1.81,1612047733
238,Lagoa,PT,39.05,-27.9833,61.79,61.79,82,92,27.02,1612047339
239,Tommot,RU,58.9564,126.2925,-45.49,-45.49,70,74,0.89,1612047735
240,Hong Kong,HK,22.2855,114.1577,59.38,62.01,0,65,15.28,1612047063
241,Bata,GQ,1.8639,9.7658,78.8,78.8,75,100,6.98,1612047446
242,Harrismith,ZA,-28.2728,29.1295,62.71,62.71,99,87,2.13,1612047738
243,Saint-Joseph,RE,-21.3667,55.6167,73.49,78.8,0,65,6.91,1612047355
244,Biryusinsk,RU,55.9634,97.8235,-39.5,-39.5,41,80,2.84,1612047741
245,Gravdal,NO,68.1214,13.5031,26.49,26.49,0,89,5.17,1612047742
246,Juneau,US,58.3019,-134.4197,27.88,32.0,90,86,3.44,1612047226
247,Shāhpura,IN,27.3833,75.9667,48.2,48.2,0,57,1.05,1612047744
248,Roald,NO,62.5833,6.1333,27.14,30.0,20,93,5.75,1612047646
249,Port Hardy,CA,50.6996,-127.4199,44.6,44.6,75,81,18.41,1612047377
250,Katangli,RU,51.7102,143.2326,-6.92,-6.92,100,88,10.63,1612047747
251,Nome,US,64.5011,-165.4064,-15.29,-9.4,1,77,3.44,1612047642
252,Diffa,NE,13.3154,12.6113,68.07,68.07,0,25,10.29,1612047740
253,Broken Hill,AU,-31.95,141.4333,66.2,66.2,86,55,12.66,1612047369
254,Carnot,CF,4.9409,15.8665,77.97,77.97,99,30,1.21,1612047752
255,Iracoubo,GF,5.4802,-53.2011,78.21,78.21,100,86,14.32,1612047753
256,Ancud,CL,-41.8697,-73.8203,61.47,64.4,0,52,8.05,1612047611
257,Ahipara,NZ,-35.1667,173.1667,70.48,70.48,0,48,5.64,1612047370
258,Smoky Lake,CA,54.1169,-112.4686,5.65,6.8,0,85,6.91,1612047563
259,Gorontalo,ID,0.5412,123.0595,73.89,73.89,100,80,2.44,1612047691
260,Biggar,GB,55.6167,-3.5167,30.61,32.0,56,10,3.58,1612047758
261,Solnechnyy,RU,50.7214,136.6319,-16.2,-16.2,49,86,4.05,1612047680
262,Carnarvon,AU,-24.8667,113.6333,80.6,80.6,15,94,1.32,1612047316
263,Necochea,AR,-38.5473,-58.7368,62.01,62.01,100,59,14.0,1612047373
264,Hualmay,PE,-11.0964,-77.6139,73.87,73.87,68,70,11.79,1612047318
265,Bannu,PK,32.9854,70.6027,47.73,47.73,8,46,1.14,1612047616
266,Tabuk,PH,17.4189,121.4443,63.52,63.52,100,88,3.13,1612047765
267,Itarema,BR,-2.9248,-39.9167,79.61,79.61,85,79,11.92,1612047659
268,Lincoln,US,40.8,-96.667,33.37,34.0,90,86,26.46,1612047345
269,Recreio,BR,-21.525,-42.4692,75.49,75.49,11,77,4.27,1612047769
270,Aksarka,RU,66.5606,67.7975,-17.16,-17.16,100,88,10.8,1612047678
271,Karratha,AU,-20.7377,116.8463,87.3,87.3,100,50,5.21,1612047348
272,Port Macquarie,AU,-31.4333,152.9167,81.46,82.99,47,73,1.99,1612047353
273,Bengkulu,ID,-3.8004,102.2655,75.24,75.24,98,93,10.16,1612047300
274,San Francisco Ixhuatan,MX,16.3569,-94.4825,87.46,87.46,100,46,8.52,1612047774
275,Lorengau,PG,-2.0226,147.2712,84.13,84.13,98,75,11.21,1612047337
276,Hay River,CA,60.8156,-115.7999,-9.4,-9.4,18,64,5.75,1612047687
277,Kirakira,SB,-10.4544,161.9205,84.22,84.22,100,74,7.2,1612047370
278,Quatre Cocos,MU,-20.2078,57.7625,77.32,78.8,40,89,11.52,1612047349
279,Pryazha,RU,61.6926,33.6216,23.0,23.0,100,93,4.47,1612047780
280,Manokwari,ID,-0.8667,134.0833,78.71,78.71,100,82,14.45,1612047653
281,Guadalupe y Calvo,MX,26.1,-106.9667,58.84,58.84,0,38,8.28,1612047782
282,Puerto Gaitán,CO,4.3133,-72.0816,88.68,88.68,54,41,9.51,1612047783
283,Barentu,ER,15.1139,37.5928,57.52,57.52,0,92,3.33,1612047785
284,Kununurra,AU,-15.7667,128.7333,80.6,80.6,100,100,2.3,1612047327
285,Yar-Sale,RU,66.8333,70.8333,-19.82,-19.82,100,85,16.91,1612047660
286,Xai-Xai,MZ,-25.0519,33.6442,75.69,75.69,0,91,4.83,1612047788
287,Pak Phanang,TH,8.3511,100.202,76.69,76.69,34,81,7.29,1612047789
288,Gizo Government Station,SB,-8.103,156.8419,85.01,85.01,100,73,19.93,1612047790
289,La Ronge,CA,55.1001,-105.2842,12.2,12.2,77,73,3.44,1612047374
290,Spas,UA,48.8899,24.0629,23.05,23.05,99,94,4.83,1612047793
291,Winneba,GH,5.3511,-0.6231,82.4,82.4,0,89,10.36,1612047477
292,Province of Mantua,IT,45.1667,10.7833,41.32,43.0,90,93,3.44,1612047682
293,Ludvika,SE,60.1496,15.1878,12.65,14.0,0,79,6.91,1612047796
294,Marzuq,YE,14.4,46.4667,59.13,59.13,0,53,0.47,1612047671
295,Udachny,RU,66.4167,112.4,-30.77,-30.77,99,80,9.55,1612047705
296,Muzhi,RU,65.3667,64.6667,-16.26,-16.26,100,88,3.0,1612047652
297,Turkmenabat,TM,39.0733,63.5786,48.2,48.2,66,40,6.91,1612047801
298,Asău,RO,46.4333,26.4,42.89,43.0,0,70,10.36,1612047648
299,Hasaki,JP,35.7333,140.8333,28.24,30.2,20,69,4.61,1612047317
300,Saint George,US,37.1041,-113.5841,50.25,52.0,1,53,2.06,1612047350
301,Kinango,KE,-4.1372,39.3153,72.27,72.27,32,94,4.47,1612047806
302,Bandarbeyla,SO,9.4942,50.8122,73.54,73.54,26,74,14.63,1612047348
303,Nicoya,CR,10.1483,-85.452,84.2,84.2,0,48,19.57,1612047808
304,Skibbereen,IE,51.55,-9.2667,39.2,39.2,75,87,8.05,1612047809
305,Calvinia,ZA,-31.4707,19.776,58.12,58.12,0,72,3.58,1612047810
306,Miass,RU,55.045,60.1083,16.27,16.27,81,96,2.15,1612047811
307,Kwakoa,TZ,-3.7667,37.7167,69.33,69.33,100,77,3.8,1612047812
308,El Fuerte,MX,26.4189,-108.6194,81.55,81.55,8,25,9.08,1612047813
309,Bathsheba,BB,13.2167,-59.5167,80.6,80.6,40,65,13.8,1612047330
310,Catumbela,AO,-12.4314,13.5472,77.23,77.23,85,77,4.85,1612047816
311,Kaeo,NZ,-35.1,173.7833,73.99,73.99,0,54,10.0,1612047680
312,Buraidah,SA,26.326,43.975,51.8,51.8,0,66,8.05,1612047325
313,Abancay,PE,-13.6339,-72.8814,62.58,62.58,43,65,5.35,1612047819
314,Tarakan,ID,3.3,117.6333,76.59,76.59,100,85,8.9,1612047378
315,Kavaratti,IN,10.5669,72.642,80.64,80.64,29,70,7.16,1612047821
316,Sørland,NO,67.667,12.6934,30.99,30.99,96,93,11.7,1612047338
317,Honiara,SB,-9.4333,159.95,79.54,79.54,100,85,5.46,1612047358
318,Shar,KZ,49.5886,81.0453,4.59,4.59,42,89,6.33,1612047825
319,Portland,US,45.5234,-122.6762,48.16,50.0,90,76,13.8,1612047574
320,Cherskiy,RU,68.75,161.3,-37.23,-37.23,3,82,2.1,1612047371
321,Labuhan,ID,-6.8844,112.2051,77.18,77.18,83,87,6.78,1612047393
322,Alofi,NU,-19.0595,-169.9187,80.6,80.6,100,83,12.66,1612047323
323,Kumul,CN,42.8,93.45,20.32,20.32,0,84,2.51,1612047333
324,Turaif,SA,31.6725,38.6637,41.0,41.0,0,81,11.5,1612047700
325,Lábrea,BR,-7.2586,-64.7981,78.04,78.04,100,93,0.83,1612047832
326,Bull Savanna,JM,17.8868,-77.5902,75.22,75.22,65,75,9.06,1612047327
327,Mehamn,NO,71.0357,27.8492,25.29,25.29,100,96,22.28,1612047835
328,Ixtapa,MX,20.7,-105.2,75.2,75.2,1,69,12.66,1612047319
329,Selma,US,36.5708,-119.6121,58.84,60.01,1,47,3.44,1612047837
330,Port Pirie,AU,-33.1833,138.0167,66.2,66.2,83,68,12.66,1612047671
331,Nagato,JP,34.3833,131.2,38.12,44.6,20,93,3.44,1612047686
332,Tuxpan,MX,19.55,-103.4,80.6,80.6,20,61,6.91,1612047840
333,Diapaga,BF,12.0708,1.7889,74.91,74.91,2,18,7.56,1612047841
334,Ust-Tsilma,RU,65.441,52.1498,3.22,3.22,100,93,9.06,1612047843
335,Belyy Yar,RU,53.6039,91.3903,-20.2,-20.2,0,76,2.24,1612047668
336,Husavik,IS,66.0449,-17.3389,15.8,15.8,90,73,2.3,1612047317
337,Mbalmayo,CM,3.5167,11.5,70.05,70.05,98,92,4.99,1612047846
338,Camacha,PT,33.0833,-16.3333,60.8,60.8,40,94,5.75,1612047316
339,Kologriv,RU,58.8275,44.3178,20.05,20.05,99,97,9.95,1612047848
340,Stonewall,CA,50.1344,-97.3268,23.34,24.01,90,93,2.3,1612047605
341,Oranjemund,NA,-28.55,16.4333,61.43,61.43,0,88,8.79,1612047850
342,Alcácer do Sal,PT,38.3733,-8.5144,53.47,55.99,75,87,8.05,1612047852
343,Ji’an,CN,27.1172,114.9793,48.96,48.96,84,68,1.07,1612047853
344,Shyryayeve,UA,47.3805,30.1964,33.64,33.64,97,91,10.49,1612047854
345,Bethel,US,41.3712,-73.414,22.21,23.0,0,54,5.61,1612047322
346,Binzhou,CN,37.3667,118.0167,36.64,36.64,100,75,3.31,1612047856
347,Ciudad Bolivar,VE,8.1222,-63.5497,81.93,81.93,81,66,14.14,1612047857
348,São Filipe,CV,14.8961,-24.4956,74.19,74.19,96,60,12.24,1612047336
349,Onokhoy,RU,51.932,108.0747,-2.2,-2.2,75,60,17.9,1612047859
350,Laguna,US,38.421,-121.4238,59.61,61.0,75,47,8.05,1612047685
351,Balkanabat,TM,39.5108,54.3671,47.62,47.62,97,67,7.47,1612047667
352,Bambanglipuro,ID,-7.95,110.2833,75.56,75.56,99,85,3.0,1612047863
353,Stornoway,GB,58.2093,-6.3865,37.65,37.99,90,65,8.05,1612047864
354,Toamasina,MG,-18.1667,49.3833,75.2,75.2,75,94,3.44,1612047836
355,Leh,IN,34.1667,77.5833,1.2,1.2,0,57,1.68,1612047335
356,Bilma,NE,18.6853,12.9164,58.24,58.24,36,30,3.13,1612047338
357,Coquimbo,CL,-29.9533,-71.3436,66.2,66.2,75,82,9.22,1612047320
358,Candolim,IN,15.5181,73.7626,71.6,71.6,0,88,4.61,1612047715
359,Morden,CA,49.1919,-98.1014,23.0,23.0,100,93,1.14,1612047741
360,Mortka,RU,59.3322,66.0214,15.71,15.71,100,97,6.22,1612047872
361,Rongcheng,CN,30.634,117.8517,50.47,50.47,90,62,1.74,1612047873
362,Pendra,IN,22.7667,81.95,44.1,44.1,0,51,3.58,1612047874
363,Petropavlovsk-Kamchatskiy,RU,53.0452,158.6483,21.2,21.2,100,68,4.47,1612047384
364,Banda Aceh,ID,5.5577,95.3222,76.24,76.24,21,84,12.75,1612047446
365,Henties Bay,NA,-22.116,14.2845,66.99,66.99,30,86,4.0,1612047878
366,Ambon City,ID,-3.6954,128.1814,78.8,78.8,40,89,5.75,1612047879
367,Takayama,JP,36.1333,137.25,34.99,36.0,75,100,3.44,1612047659
368,Weston,US,26.1004,-80.3998,68.58,69.8,20,46,11.5,1612047881
369,Flin Flon,CA,54.7682,-101.865,15.8,15.8,90,86,1.66,1612047882
370,Vengerovo,RU,55.6848,76.7471,-4.54,-4.54,100,91,10.58,1612047883
371,Tongliao,CN,43.6125,122.2653,-4.02,-4.02,90,92,7.09,1612047885
372,Coos Bay,US,43.3665,-124.2179,50.65,51.8,90,76,9.51,1612047886
373,Urmia,IR,37.5527,45.0761,28.4,28.4,20,64,4.61,1612047887
374,Deputatsky,RU,69.3,139.9,-31.23,-31.23,88,87,1.01,1612047336
375,Dolisie,CG,-4.1997,12.6739,72.16,72.16,97,92,1.45,1612047889
376,Umluj,SA,25.0213,37.2685,65.03,65.03,0,54,13.51,1612047890
377,São João da Barra,BR,-21.6403,-41.0511,77.9,77.9,9,81,20.89,1612047355
378,Mossamedes,AO,-15.1961,12.1522,73.2,73.2,67,77,8.52,1612047657
379,Sirohi,IN,24.8833,72.8667,48.9,48.9,0,48,2.77,1612047894
380,Caniço,PT,32.6333,-16.85,55.72,60.8,20,82,4.61,1612047895
381,Umm Kaddadah,SD,13.6017,26.6876,63.57,63.57,0,26,15.17,1612047696
382,Songadh,IN,21.1667,73.5667,66.4,66.4,0,26,5.93,1612047897
383,Makkah al Mukarramah,SA,21.4267,39.8261,67.1,67.1,0,43,5.7,1612047639
384,Marawi,PH,7.9986,124.2928,73.99,73.99,86,92,5.01,1612047352
385,Homer,US,59.6425,-151.5483,27.07,28.4,1,80,3.29,1612047901
386,Souillac,MU,-20.5167,57.5167,78.8,78.8,40,89,10.45,1612047369
387,Flinders,AU,-34.5833,150.8552,70.36,72.0,87,88,5.01,1612047378
388,Pompéu,BR,-19.2244,-44.9353,71.76,71.76,55,72,2.48,1612047905
389,Phalaborwa,ZA,-23.943,31.1411,77.0,77.0,14,88,5.1,1612047655
390,Suksun,RU,57.1431,57.3949,23.11,23.11,100,97,8.72,1612047907
391,Sioux Lookout,CA,50.1001,-91.917,23.0,23.0,90,86,5.75,1612047343
392,Mayo,US,38.8876,-76.5119,31.37,33.01,1,51,3.44,1612047667
393,Laredo,US,27.5064,-99.5075,84.2,84.2,1,42,5.75,1612047910
394,Vardø,NO,70.3705,31.1107,25.41,25.41,100,96,20.15,1612047363
395,Shingū,JP,33.7333,135.9833,44.6,44.6,75,76,8.05,1612047626
396,Richards Bay,ZA,-28.783,32.0377,74.57,74.57,98,91,5.55,1612047228
397,Talnakh,RU,69.4865,88.3972,-31.13,-31.13,0,70,6.46,1612047347
398,Viedma,AR,-40.8135,-62.9967,66.0,66.0,81,44,1.01,1612047354
399,Zenzeli,RU,45.9241,47.0474,32.5,32.5,82,94,12.97,1612047917
400,Scarborough,GB,54.2797,-0.4044,34.3,37.0,26,76,1.99,1612047196
401,Whitianga,NZ,-36.8333,175.7,66.69,66.69,0,53,9.93,1612047919
402,Bundaberg,AU,-24.85,152.35,83.75,84.99,40,61,16.11,1612047921
403,Akdepe,TM,42.0551,59.3788,33.84,35.6,100,69,9.22,1612047374
404,Naliya,IN,23.2667,68.8333,59.18,59.18,0,68,7.61,1612047923
405,Sitka,US,57.0531,-135.33,42.8,42.8,75,49,6.91,1612047330
406,Padang,ID,-0.9492,100.3543,76.35,76.35,100,77,4.27,1612047260
407,Kudahuvadhoo,MV,2.6708,72.8944,81.07,81.07,46,77,13.06,1612047926
408,Aklavik,CA,68.2191,-135.0107,-18.4,-18.4,75,76,2.3,1612047647
409,Weligama,LK,5.9667,80.4167,76.57,76.57,97,86,3.78,1612047929
410,Baoding,CN,38.8511,115.4903,20.59,20.59,62,91,5.5,1612047930
411,São Domingos,BR,-13.3983,-46.3183,77.23,77.23,26,50,4.07,1612047931
412,Sheridan,US,44.8333,-106.9173,37.78,39.0,90,70,3.06,1612047932
413,Rodolfo Sánchez Taboada,MX,31.7167,-116.5667,60.01,60.01,6,78,4.0,1612047933
414,Mongaguá,BR,-24.0931,-46.6208,77.9,78.8,0,65,12.66,1612047648
415,Bahía Blanca,AR,-38.7196,-62.2724,66.76,66.76,21,38,16.11,1612047742
416,Meadow Lake,US,34.8014,-106.5436,48.94,50.0,20,29,19.57,1612047936
417,Poum,NC,-20.2333,164.0167,79.79,79.79,69,67,11.61,1612047338
418,Tibati,CM,6.4667,12.6333,69.46,69.46,0,24,4.59,1612047939
419,Semey,KZ,50.4111,80.2275,7.83,7.83,66,91,7.58,1612047940
420,Urbano Santos,BR,-3.2078,-43.4036,74.88,74.88,100,94,4.54,1612047941
421,Verkhnevilyuysk,RU,63.4453,120.3167,-48.86,-48.86,86,77,2.64,1612047942
422,Bairiki Village,KI,1.3292,172.9752,80.6,80.6,40,89,11.5,1612047943
423,Departamento de Maldonado,UY,-34.6667,-54.9167,66.02,68.0,75,88,21.85,1612047944
424,Bonthe,SL,7.5264,-12.505,78.42,78.42,58,83,7.09,1612047946
425,Kattivākkam,IN,13.2167,80.3167,73.4,73.4,20,94,7.05,1612047947
426,Baykit,RU,61.67,96.37,-34.73,-34.73,6,76,1.54,1612047357
427,Prince Rupert,CA,54.3161,-130.3201,42.26,42.8,75,56,5.75,1612047409
428,Shimoda,JP,34.6667,138.95,39.99,39.99,0,67,1.99,1612047785
429,Tual,ID,-5.6667,132.75,82.96,82.96,82,77,10.33,1612047951
430,Maracaçumé,BR,-2.0428,-45.9592,75.47,75.47,83,91,3.31,1612047952
431,Talā,EG,30.6803,30.9429,54.43,54.43,19,43,11.83,1612047953
432,Goderich,CA,43.7501,-81.7165,26.6,26.6,100,68,5.75,1612047677
433,Preobrazheniye,RU,42.9019,133.9064,1.72,1.72,0,82,8.46,1612047956
434,Belmonte,BR,-15.8631,-38.8828,78.8,78.8,40,73,6.91,1612047957
435,Gandai,IN,21.6667,81.1,51.13,51.13,0,37,3.38,1612047958
436,Ninghai,CN,29.2892,121.4247,50.32,53.01,89,88,1.01,1612047959
437,Kushima,JP,31.4583,131.2333,32.77,35.6,20,86,4.03,1612047675
438,Mariehamn,AX,60.0973,19.9348,28.4,28.4,75,74,13.8,1612047961
439,Bedelē,ET,8.456,36.353,56.1,56.1,34,61,2.15,1612047963
440,Soe,ID,-9.8607,124.284,67.53,67.53,100,99,5.23,1612047964
441,Moundsville,US,39.9203,-80.7431,29.14,30.0,75,46,6.91,1612047965
442,Yulara,AU,-25.2406,130.9889,84.2,84.2,40,32,14.97,1612047728
443,Staryy Merchyk,UA,49.9815,35.759,39.09,39.2,75,93,15.66,1612047967
444,Rawson,AR,-43.3002,-65.1023,62.02,62.02,2,53,18.23,1612047968
445,Sarkand,KZ,45.41,79.9186,27.99,27.99,63,68,4.63,1612047681
446,Mattru,SL,7.6244,-11.8332,76.87,76.87,41,83,2.57,1612047971
447,Vestmannaeyjar,IS,63.4427,-20.2734,32.76,32.76,61,91,9.98,1612047713
448,Auki,SB,-8.7676,160.7034,82.42,82.42,100,83,13.11,1612047643
449,Tshikapa,CD,-6.4167,20.8,72.84,72.84,100,91,0.92,1612047974
450,Chitungwiza,ZW,-18.0127,31.0756,64.0,64.0,100,94,1.01,1612047975
451,Khandyga,RU,62.6667,135.6,-51.74,-51.74,85,76,1.19,1612047714
452,Amoy,CN,24.4798,118.0819,53.6,53.6,0,94,4.47,1612047977
453,Meïganga,CM,6.5167,14.3,68.86,68.86,23,27,6.08,1612047979
454,Ippy,CF,6.2679,21.2247,76.06,76.06,91,24,6.62,1612047925
455,Tura,IN,25.5198,90.2201,49.71,49.71,0,49,2.75,1612047981
456,Shache,CN,38.4167,77.2406,19.87,19.87,0,90,0.76,1612047982
457,Wamba,NG,8.9333,8.6,74.75,74.75,0,20,4.47,1612047983
458,Dwārka,IN,22.2394,68.9678,65.8,65.8,0,49,12.28,1612047984
459,Santa Ana,US,33.7456,-117.8678,61.83,64.99,20,48,5.75,1612047985
460,Hamilton,US,39.1834,-84.5333,34.36,36.0,90,51,3.44,1612047937
461,Antalya Province,TR,36.7741,30.7178,50.65,53.01,40,76,12.66,1612047988
462,Guiren,CN,33.6697,118.1889,42.66,42.66,59,70,4.41,1612047734
463,Mercedes,AR,-34.6515,-59.4307,61.66,63.0,100,83,3.0,1612047990
464,Nālūt,LY,30.3333,10.85,56.57,56.57,0,35,7.72,1612047662
465,Fort-Shevchenko,KZ,44.5086,50.263,35.76,35.76,82,84,13.62,1612047992
466,Sladkovo,RU,55.5284,70.3385,13.32,13.32,99,94,12.48,1612047993
467,Ol'ga,RU,43.7444,135.2892,-4.23,-4.23,0,82,10.74,1612047994
468,Marale,HN,14.8833,-87.15,80.6,80.6,40,65,6.91,1612047996
469,Rasulnagar,PK,32.3285,73.7814,42.8,42.8,0,93,3.42,1612047997
470,Xishan,CN,27.6667,113.5,50.0,50.0,0,76,4.47,1612047911
471,Methóni,GR,36.8197,21.7049,47.53,52.0,57,93,4.61,1612047999
472,Saint Anthony,US,45.0205,-93.218,32.67,33.8,90,64,5.75,1612048000
473,Port Elizabeth,ZA,-33.918,25.5701,64.4,64.4,0,94,6.91,1612047996
474,Lüderitz,NA,-26.6481,15.1594,66.97,66.97,0,61,20.56,1612047745
475,Beloye,UA,48.4952,39.0505,36.82,36.82,100,81,10.49,1612048004
476,Yuncheng,CN,35.0231,110.9928,36.27,36.27,21,66,3.09,1612048005
477,Karasjok,NO,69.4719,25.5112,21.2,21.2,75,86,10.36,1612048006
478,Ürümqi,CN,43.801,87.6005,1.4,1.4,90,85,1.9,1612048007
479,Sobolevo,RU,54.4299,31.8996,15.37,15.37,100,97,5.3,1612047742
480,Maragogi,BR,-9.0122,-35.2225,78.62,78.62,89,80,9.26,1612048009
481,Coahuayana Viejo,MX,18.7333,-103.6833,84.2,84.2,40,51,6.91,1612047654
482,Leshukonskoye,RU,64.8989,45.7622,17.49,17.49,99,97,5.7,1612047689
483,Mana,GF,5.6592,-53.7767,77.94,77.94,98,87,13.49,1612048013
484,Phan Thiet,VN,10.9333,108.1,69.35,69.35,100,75,4.94,1612048014
485,Samarai,PG,-10.6167,150.6667,84.43,84.43,99,73,18.48,1612048015
486,Somerset West,ZA,-34.084,18.8211,69.37,72.0,75,77,1.14,1612048016
487,Quime,BO,-16.9833,-67.2167,56.16,56.16,95,73,2.48,1612048017
488,Kindu,CD,-2.95,25.95,70.27,70.27,100,97,2.04,1612048018
489,Luena,AO,-11.7833,19.9167,63.3,63.3,100,96,3.91,1612048019
490,Ilulissat,GL,69.2167,-51.1,6.8,6.8,90,66,6.91,1612048002
491,Te Anau,NZ,-45.4167,167.7167,58.15,58.15,95,65,5.75,1612047737
492,San Vicente,AR,-26.6167,-54.1333,67.62,67.62,32,98,3.67,1612048023
493,Garissa,KE,-0.4536,39.6401,75.88,75.88,0,65,9.4,1612048024
494,Natal,BR,-5.795,-35.2094,79.7,80.6,0,83,5.75,1612047820
495,Røros,NO,62.5747,11.3842,12.2,12.2,40,92,6.91,1612048026
496,Sulangan,PH,11.1373,123.7228,79.25,79.25,97,77,21.65,1612048027
497,Medak,IN,18.0333,78.2667,69.01,69.01,6,57,6.33,1612048029
498,La Ligua,CL,-32.4524,-71.2311,62.6,62.6,90,100,8.05,1612048030
499,Chapais,CA,49.7834,-74.8492,-2.2,-2.2,90,71,9.22,1612047757
500,Edéia,BR,-17.3383,-49.9314,77.22,77.22,31,69,2.71,1612048032
501,Boueni,YT,-12.9025,45.0761,80.6,80.6,0,78,5.75,1612048033
502,Salyan,AZ,39.5936,48.9805,41.59,41.59,73,94,5.12,1612048034
503,Lillooet,CA,50.6856,-121.942,28.98,30.2,90,100,4.61,1612048035
504,Arroyo de la Encomienda,ES,41.6096,-4.7969,44.15,46.0,40,81,21.85,1612048037
505,Sisimiut,GL,66.9395,-53.6735,7.39,7.39,74,92,7.9,1612048038
506,Holme,DK,56.1138,10.1725,30.29,32.0,40,93,6.91,1612048039
507,Buala,SB,-8.145,159.5921,84.42,84.42,100,76,15.37,1612047738
508,Arona,ES,28.0996,-16.681,59.63,64.4,40,77,12.66,1612047682
509,Cabimas,VE,10.3883,-71.4399,82.6,82.6,18,64,16.24,1612048042
510,Killybegs,IE,54.6333,-8.45,36.0,36.0,100,85,5.01,1612048043
511,La Macarena,CO,2.1837,-73.7849,82.71,82.71,18,55,3.24,1612048045
512,Wanaka,NZ,-44.7,169.15,64.74,64.74,48,40,4.92,1612048046
513,Inongo,CD,-1.95,18.2667,73.4,73.4,100,92,5.06,1612048047
514,Jining,CN,35.405,116.5814,37.72,37.72,21,70,6.78,1612048048
515,Xining,CN,36.6167,101.7667,11.89,11.89,23,76,3.09,1612048049
516,Lake City,US,30.1897,-82.6393,62.11,62.6,1,48,4.61,1612048050
517,Biak,ID,-0.9131,122.8766,77.38,77.38,100,73,4.18,1612048051
518,Galesong,ID,-5.3166,119.3661,75.2,75.2,75,100,2.3,1612048052
519,Inhambane,MZ,-23.865,35.3833,78.57,78.57,6,81,6.58,1612048054
520,Coria,ES,39.9879,-6.5377,45.09,45.09,64,86,6.78,1612048055
521,Burnie,AU,-41.0667,145.9167,63.0,63.0,83,57,5.99,1612048012
522,Clyde,US,41.3042,-82.9752,30.0,30.0,98,60,10.67,1612048057
523,Del Rio,US,29.3627,-100.8968,81.63,82.4,1,20,11.5,1612048058
524,Circleville,US,39.6006,-82.946,33.53,33.8,90,47,3.44,1612048059
525,‘Ewa Beach,US,21.3156,-158.0072,78.1,80.6,75,53,5.75,1612047856
526,Camocim de São Félix,BR,-8.3586,-35.7619,69.21,69.21,68,89,7.54,1612048061
527,‘Āhuimanu,US,21.4447,-157.8378,77.5,80.6,40,65,11.5,1612048063
528,Mikhaylovka,RU,50.06,43.2379,37.0,37.0,98,92,8.01,1612048064
529,Korla,CN,41.7597,86.1469,20.37,20.37,0,83,5.21,1612048017
530,Honningsvåg,NO,70.9821,25.9704,27.59,27.59,100,96,22.64,1612048066
531,Markova,UA,48.6758,24.4138,23.27,23.27,99,93,6.02,1612048067
532,Guánica,PR,17.9716,-66.908,73.54,75.0,17,81,7.56,1612048068
533,Āron,IN,24.3833,77.4167,49.96,49.96,0,42,5.06,1612048070
534,Philadelphia,US,39.9523,-75.1638,29.84,33.01,20,32,4.61,1612047998
535,Anadyr,RU,64.75,177.4833,-5.8,-5.8,96,65,24.61,1612048021
536,Dingle,PH,10.9995,122.6711,72.36,72.36,100,89,9.66,1612047815
537,Xinan,CN,26.72,119.8556,52.81,52.81,59,79,5.66,1612048074
538,Sungai Penuh,ID,-2.0833,101.3833,63.21,63.21,100,94,2.73,1612048075
539,Pustoshka,RU,56.3355,29.369,23.56,23.56,99,98,8.12,1612048076
540,Batasan,PH,12.7667,120.7833,77.54,77.54,100,65,7.7,1612048078
541,Kapuskasing,CA,49.4169,-82.4331,5.0,5.0,90,66,2.62,1612047936
542,Tazovsky,RU,67.4667,78.7,-26.09,-26.09,100,83,14.56,1612047674
543,Karla,EE,59.3723,24.9275,22.68,23.0,90,86,9.22,1612048081
544,Bucerías,MX,20.75,-105.3333,75.2,75.2,1,73,12.66,1612048082
545,Mount Gambier,AU,-37.8333,140.7667,60.8,60.8,0,77,8.05,1612048037
546,Emerald,AU,-23.5333,148.1667,82.67,82.99,40,57,12.66,1612048084
547,Lakatoro,VU,-16.0999,167.4164,83.62,83.62,65,64,7.29,1612047418
548,Yomou,GN,7.5603,-9.2653,72.43,72.43,19,86,3.27,1612048087
549,General Roca,AR,-39.0333,-67.5833,66.2,66.2,75,59,13.8,1612048088
550,Sārangarh,IN,21.6,83.0833,51.13,51.13,0,39,2.28,1612048089
551,Price,US,39.5994,-110.8107,37.4,37.4,90,48,6.91,1612047687
552,Galle,LK,6.0367,80.217,77.31,77.31,95,85,3.49,1612048091
553,Lata,PT,40.1629,-8.3327,54.68,55.99,67,86,3.0,1612048001
554,Mīnāb,IR,27.1467,57.0801,60.8,60.8,0,77,9.22,1612048093
555,Nānākuli,US,21.3906,-158.1547,76.69,80.01,75,53,5.75,1612048012
556,Zyryanka,RU,65.75,150.85,-34.49,-34.49,100,82,10.98,1612048096
557,Nässjö,SE,57.6531,14.6968,3.2,3.2,0,92,4.61,1612048097
558,Kadoma,JP,34.7333,135.5833,37.4,41.0,40,81,2.3,1612048098
559,Benguela,AO,-12.5763,13.4055,77.05,77.05,90,77,5.1,1612047906
560,Brae,GB,60.3964,-1.353,37.4,37.4,75,87,11.5,1612048101
561,Soyo,AO,-6.1349,12.3689,79.9,79.9,100,84,9.84,1612048102
562,Bang Saphan,TH,11.2126,99.5117,70.93,70.93,1,87,1.95,1612048103
